RECORDER_ID,SERIAL_NO,CONFIG_TYPEID,START_TIME,END_TIME,GROUP_ID,active
BTW001,ERID-000BTW001,4,2012-01-01,2013-01-10,1000119,0
BTW001,ERID-000BTW001,4,2012-09-01,2014-01-10,1000130,0
BTW001,ERID-000BTW001,4,2014-01-01,2015-01-10,1000144,1
BTW002,ERID-000BTW002,4,2012-01-01,2013-01-10,1000119,0
BTW002,ERID-000BTW002,4,2012-09-01,2014-01-10,1000130,0
BTW002,ERID-000BTW002,4,2014-01-01,2015-01-10,1000144,1
BTW003,ERID-000BTW003,4,2012-01-01,2013-01-10,1000119,0
BTW003,ERID-000BTW003,4,2012-09-01,2014-01-10,1000130,0
BTW003,ERID-000BTW003,4,2014-01-01,2015-01-10,1000144,1
BTW004,ERID-000BTW004,4,2012-01-01,2013-01-10,1000119,0
BTW004,ERID-000BTW004,4,2012-09-01,2014-01-10,1000130,0
BTW004,ERID-000BTW004,4,2014-01-01,2015-01-10,1000144,1
BTW005,ERID-000BTW005,4,2012-01-01,2013-01-10,1000119,0
BTW005,ERID-000BTW005,4,2012-09-01,2014-01-10,1000130,0
BTW005,ERID-000BTW005,4,2014-01-01,2015-01-10,1000144,1
BTW006,ERID-000BTW006,4,2012-01-01,2013-01-10,1000119,0
BTW006,ERID-000BTW006,4,2012-09-01,2014-01-10,1000130,0
BTW006,ERID-000BTW006,4,2014-01-01,2015-01-10,1000144,1
BTW007,ERID-000BTW007,4,2012-01-01,2013-01-10,1000119,0
BTW007,ERID-000BTW007,4,2012-09-01,2014-01-10,1000130,0
BTW007,ERID-000BTW007,4,2014-01-01,2015-01-10,1000144,1
BTW008,ERID-000BTW008,4,2012-01-01,2013-01-10,1000119,0
BTW008,ERID-000BTW008,4,2012-09-01,2014-01-10,1000130,0
BTW008,ERID-000BTW008,4,2014-01-01,2015-01-10,1000144,1
BTW009,ERID-000BTW009,4,2012-01-01,2013-01-10,1000119,0
BTW009,ERID-000BTW009,4,2012-09-01,2014-01-10,1000130,0
BTW009,ERID-000BTW009,4,2014-01-01,2015-01-10,1000144,1
BTW010,ERID-000BTW010,4,2012-01-01,2012-12-31,1000119,0
BTW010,ERID-000BTW010,4,2012-09-01,2014-01-10,1000130,0
BTW010,ERID-000BTW010,4,2014-01-01,2015-01-10,1000144,1
BTW011,ERID-000BTW011,4,2012-01-01,2013-01-10,1000119,0
BTW011,ERID-000BTW011,4,2012-09-01,2014-01-10,1000130,0
BTW011,ERID-000BTW011,4,2014-01-01,2015-01-10,1000144,1
BTW012,ERID-000BTW012,4,2012-01-01,2013-01-10,1000119,0
BTW012,ERID-000BTW012,4,2012-09-01,2014-01-10,1000130,0
BTW012,ERID-000BTW012,4,2014-01-01,2015-01-10,1000144,1
BTW013,ERID-000BTW013,4,2012-01-01,2013-01-10,1000119,0
BTW013,ERID-000BTW013,4,2012-09-01,2014-01-10,1000130,0
BTW013,ERID-000BTW013,4,2014-01-01,2015-01-10,1000144,1
BTW014,ERID-000BTW014,4,2012-01-01,2013-01-10,1000119,0
BTW014,ERID-000BTW014,4,2012-09-01,2014-01-10,1000130,0
BTW014,ERID-000BTW014,4,2014-01-01,2015-01-10,1000144,1
BTW015,ERID-000BTW015,4,2012-01-01,2013-01-10,1000119,0
BTW015,ERID-000BTW015,4,2012-09-01,2014-01-10,1000130,0
BTW015,ERID-000BTW015,4,2014-01-01,2015-01-10,1000144,1
BTW016,ERID-000BTW016,4,2012-01-01,2013-01-10,1000119,0
BTW016,ERID-000BTW016,4,2012-09-01,2014-01-10,1000130,0
BTW016,ERID-000BTW016,4,2014-01-01,2015-01-10,1000144,1
BTW017,ERID-000BTW017,4,2012-01-01,2013-01-10,1000119,0
BTW017,ERID-000BTW017,4,2012-09-01,2014-01-10,1000130,0
BTW017,ERID-000BTW017,4,2014-01-01,2015-01-10,1000144,1
BTW018,ERID-000BTW018,4,2012-01-01,2013-01-10,1000119,0
BTW018,ERID-000BTW018,4,2012-09-01,2014-01-10,1000130,0
BTW018,ERID-000BTW018,4,2014-01-01,2015-01-10,1000144,1
BTW019,ERID-000BTW019,4,2012-01-01,2013-01-10,1000119,0
BTW019,ERID-000BTW019,4,2012-09-01,2014-01-10,1000130,0
BTW019,ERID-000BTW019,4,2014-01-01,2015-01-10,1000144,1
BTW020,ERID-000BTW020,4,2012-01-01,2013-01-10,1000119,0
BTW020,ERID-000BTW020,4,2012-09-01,2014-01-10,1000130,0
BTW020,ERID-000BTW020,4,2014-01-01,2015-01-10,1000144,1
BTW021,ERID-000BTW021,4,2012-01-01,2013-01-10,1000119,0
BTW021,ERID-000BTW021,4,2012-09-01,2014-01-10,1000130,0
BTW021,ERID-000BTW021,4,2014-01-01,2015-01-10,1000144,1
BTW022,ERID-000BTW022,4,2012-01-01,2013-01-10,1000119,0
BTW022,ERID-000BTW022,4,2012-09-01,2014-01-10,1000130,0
BTW022,ERID-000BTW022,4,2014-01-01,2015-01-10,1000144,1
BTW023,ERID-000BTW023,4,2012-01-01,2013-01-10,1000119,0
BTW023,ERID-000BTW023,4,2012-09-01,2014-01-10,1000130,0
BTW023,ERID-000BTW023,4,2014-01-01,2015-01-10,1000144,1
BTW024,ERID-000BTW024,4,2012-01-01,2013-01-10,1000119,0
BTW024,ERID-000BTW024,4,2012-09-01,2014-01-10,1000130,0
BTW024,ERID-000BTW024,4,2014-01-01,2015-01-10,1000144,1
BTW025,ERID-000BTW025,4,2012-01-01,2013-01-10,1000119,0
BTW025,ERID-000BTW025,4,2012-09-01,2014-01-10,1000130,0
BTW025,ERID-000BTW025,4,2014-01-01,2015-01-10,1000144,1
BTW026,ERID-000BTW026,4,2012-01-01,2013-01-10,1000119,0
BTW026,ERID-000BTW026,4,2012-09-01,2014-01-10,1000130,0
BTW026,ERID-000BTW026,4,2014-01-01,2015-01-10,1000144,1
BTW027,ERID-000BTW027,4,2012-01-01,2013-01-10,1000119,0
BTW027,ERID-000BTW027,4,2012-09-01,2014-01-10,1000130,0
BTW027,ERID-000BTW027,4,2014-01-01,2015-01-10,1000144,1
BTW028,ERID-000BTW028,4,2012-01-01,2013-01-10,1000119,0
BTW028,ERID-000BTW028,4,2012-09-01,2014-01-10,1000130,0
BTW028,ERID-000BTW028,4,2014-01-01,2015-01-10,1000144,1
BTW029,ERID-000BTW029,4,2012-01-01,2013-01-10,1000119,0
BTW029,ERID-000BTW029,4,2012-09-01,2014-01-10,1000130,0
BTW029,ERID-000BTW029,4,2014-01-01,2015-01-10,1000144,1
BTW030,ERID-000BTW030,4,2012-01-01,2013-01-10,1000119,0
BTW030,ERID-000BTW030,4,2012-09-01,2014-01-10,1000130,0
BTW030,ERID-000BTW030,4,2014-01-01,2015-01-10,1000144,1
BTW031,ERID-000BTW031,4,2012-01-01,2013-01-10,1000119,0
BTW031,ERID-000BTW031,4,2012-09-01,2014-01-10,1000130,0
BTW031,ERID-000BTW031,4,2014-01-01,2015-01-10,1000144,1
DPG001,ERID-000DPG001,4,2013-02-01,2014-01-01,1000132,0
DPG001,ERID-000DPG001,4,2014-01-01,2015-01-10,1000146,1
DPG002,ERID-000DPG002,4,2013-02-01,2014-01-01,1000132,0
DPG002,ERID-000DPG002,4,2014-01-01,2015-01-10,1000146,1
DPG003,ERID-000DPG003,4,2013-02-01,2014-01-01,1000132,0
DPG003,ERID-000DPG003,4,2014-01-01,2015-01-10,1000146,1
DPG004,ERID-000DPG004,4,2013-02-01,2014-01-01,1000132,0
DPG004,ERID-000DPG004,4,2014-01-01,2015-01-10,1000146,1
DPG005,ERID-000DPG005,4,2013-02-01,2014-01-01,1000132,0
DPG005,ERID-000DPG005,4,2014-01-01,2015-01-10,1000146,1
DPG006,ERID-000DPG006,4,2013-02-01,2014-01-01,1000132,0
DPG006,ERID-000DPG006,4,2014-01-01,2015-01-10,1000146,1
DPG007,ERID-000DPG007,4,2013-02-01,2014-01-01,1000132,0
DPG007,ERID-000DPG007,4,2014-01-01,2015-01-10,1000146,1
DPG008,ERID-000DPG008,4,2013-02-01,2014-01-01,1000132,0
DPG008,ERID-000DPG008,4,2014-01-01,2015-01-10,1000146,1
DPG009,ERID-000DPG009,4,2013-02-01,2014-01-01,1000132,0
DPG009,ERID-000DPG009,4,2014-01-01,2015-01-10,1000146,1
DPG010,ERID-000DPG010,4,2013-02-01,2014-01-01,1000132,0
DPG010,ERID-000DPG010,4,2014-01-01,2015-01-10,1000146,1
DPG011,ERID-000DPG011,4,2013-02-01,2014-01-01,1000132,0
DPG011,ERID-000DPG011,4,2014-01-01,2015-01-10,1000146,1
DPG012,ERID-000DPG012,4,2013-02-01,2014-01-01,1000132,0
DPG012,ERID-000DPG012,4,2014-01-01,2015-01-10,1000146,1
DPG013,ERID-000DPG013,4,2013-02-01,2014-01-01,1000132,0
DPG013,ERID-000DPG013,4,2014-01-01,2015-01-10,1000146,1
DPG014,ERID-000DPG014,4,2013-02-01,2014-01-01,1000132,0
DPG014,ERID-000DPG014,4,2014-01-01,2015-01-10,1000146,1
DPG015,ERID-000DPG015,4,2013-02-01,2014-01-01,1000132,0
DPG015,ERID-000DPG015,4,2014-01-01,2015-01-10,1000146,1
DPG016,ERID-000DPG016,4,2013-02-01,2014-01-01,1000132,0
DPG016,ERID-000DPG016,4,2014-01-01,2015-01-10,1000146,1
DPG017,ERID-000DPG017,4,2013-02-01,2014-01-01,1000132,0
DPG017,ERID-000DPG017,4,2014-01-01,2015-01-10,1000146,1
DPG018,ERID-000DPG018,4,2013-02-01,2014-01-01,1000132,0
DPG018,ERID-000DPG018,4,2014-01-01,2015-01-10,1000146,1
DPG019,ERID-000DPG019,4,2013-02-01,2014-01-01,1000132,0
DPG019,ERID-000DPG019,4,2014-01-01,2015-01-10,1000146,1
DPG020,ERID-000DPG020,4,2013-02-01,2014-01-01,1000132,0
DPG020,ERID-000DPG020,4,2014-01-01,2015-01-10,1000146,1
DPG021,ERID-000DPG021,4,2013-02-01,2014-01-01,1000132,0
DPG021,ERID-000DPG021,4,2014-01-01,2015-01-10,1000146,1
DPG022,ERID-000DPG022,4,2013-02-01,2014-01-01,1000132,0
DPG022,ERID-000DPG022,4,2014-01-01,2015-01-10,1000146,1
DPG023,ERID-000DPG023,4,2013-02-01,2014-01-01,1000132,0
DPG023,ERID-000DPG023,4,2014-01-01,2015-01-10,1000146,1
DPG024,ERID-000DPG024,4,2013-02-01,2014-01-01,1000132,0
DPG024,ERID-000DPG024,4,2014-01-01,2015-01-10,1000146,1
DPG025,ERID-000DPG025,4,2013-02-01,2014-01-01,1000132,0
DPG025,ERID-000DPG025,4,2014-01-01,2015-01-10,1000146,1
DPG027,ERID-000DPG027,4,2013-02-01,2014-01-01,1000132,0
DPG027,ERID-000DPG027,4,2014-01-01,2015-01-10,1000146,1
DPG028,ERID-000DPG028,4,2013-02-01,2014-01-01,1000132,0
DPG028,ERID-000DPG028,4,2014-01-01,2015-01-10,1000146,1
DPG029,ERID-000DPG029,4,2013-02-01,2014-01-01,1000132,0
DPG029,ERID-000DPG029,4,2014-01-01,2015-01-10,1000146,1
DPG030,ERID-000DPG030,4,2013-02-01,2014-01-01,1000132,0
DPG030,ERID-000DPG030,4,2014-01-01,2015-01-10,1000146,1
DPG031,ERID-000DPG031,4,2013-02-01,2014-01-01,1000132,0
DPG031,ERID-000DPG031,4,2014-01-01,2015-01-10,1000146,1
GNK001,95935848,1,2009-07-28,2009-11-30,1000088,0
GNK001,ERID-000GNK001,4,2009-12-01,2010-10-31,1000102,0
GNK001,ERID-000GNK001,4,2010-11-01,2011-12-31,1000105,0
GNK001,ERID-000GNK001,4,2012-01-01,2013-01-10,1000112,0
GNK001,ERID-000GNK001,4,2012-09-01,2014-01-10,1000123,0
GNK001,ERID-000GNK001,4,2014-01-01,2015-01-10,1000137,1
GNK002,95935738,1,2009-07-29,2009-11-30,1000088,0
GNK002,ERID-000GNK002,4,2009-12-01,2010-10-31,1000102,0
GNK002,ERID-000GNK002,4,2010-11-01,2011-12-31,1000105,0
GNK002,ERID-000GNK002,4,2012-01-01,2013-01-10,1000112,0
GNK002,ERID-000GNK002,4,2012-09-01,2014-01-10,1000123,0
GNK002,ERID-000GNK002,4,2014-01-01,2015-01-10,1000137,1
GNK003,95935847,1,2009-07-29,2009-11-30,1000088,0
GNK003,ERID-000GNK003,4,2009-12-01,2010-10-31,1000102,0
GNK003,ERID-000GNK003,4,2010-11-01,2011-12-31,1000105,0
GNK003,ERID-000GNK003,4,2012-01-01,2013-01-10,1000112,0
GNK003,ERID-000GNK003,4,2012-09-01,2014-01-10,1000123,0
GNK003,ERID-000GNK003,4,2014-01-01,2015-01-10,1000137,1
GNK004,95935840,1,2009-07-28,2009-11-30,1000088,0
GNK004,ERID-000GNK004,4,2009-12-01,2010-10-31,1000102,0
GNK004,ERID-000GNK004,4,2010-11-01,2011-12-31,1000105,0
GNK004,ERID-000GNK004,4,2012-01-01,2013-01-10,1000112,0
GNK004,ERID-000GNK004,4,2012-09-01,2014-01-10,1000123,0
GNK004,ERID-000GNK004,4,2014-01-01,2015-01-10,1000137,1
GNK005,95935725,1,2009-07-28,2009-11-30,1000088,0
GNK005,ERID-000GNK005,4,2009-12-01,2010-10-31,1000102,0
GNK005,ERID-000GNK005,4,2010-11-01,2011-12-31,1000105,0
GNK005,ERID-000GNK005,4,2012-01-01,2013-01-10,1000112,0
GNK005,ERID-000GNK005,4,2012-09-01,2014-01-10,1000123,0
GNK005,ERID-000GNK005,4,2014-01-01,2015-01-10,1000137,1
GNK006,95935735,1,2009-07-27,2009-11-30,1000088,0
GNK006,ERID-000GNK006,4,2009-12-01,2010-10-31,1000102,0
GNK006,ERID-000GNK006,4,2010-11-01,2011-12-31,1000105,0
GNK006,ERID-000GNK006,4,2012-01-01,2013-01-10,1000112,0
GNK006,ERID-000GNK006,4,2012-09-01,2014-01-10,1000123,0
GNK006,ERID-000GNK006,4,2014-01-01,2015-01-10,1000137,1
GNK007,95935728,1,2009-07-28,2009-11-30,1000088,0
GNK007,ERID-000GNK007,4,2009-12-01,2010-10-31,1000102,0
GNK007,ERID-000GNK007,4,2010-11-01,2011-12-31,1000105,0
GNK007,ERID-000GNK007,4,2012-01-01,2013-01-10,1000112,0
GNK007,ERID-000GNK007,4,2012-09-01,2014-01-10,1000123,0
GNK007,ERID-000GNK007,4,2014-01-01,2015-01-10,1000137,1
GNK008,95935843,1,2009-07-27,2009-11-30,1000088,0
GNK008,ERID-000GNK008,4,2009-12-01,2010-10-31,1000102,0
GNK008,ERID-000GNK008,4,2010-11-01,2011-12-31,1000105,0
GNK008,ERID-000GNK008,4,2012-01-01,2013-01-10,1000112,0
GNK008,ERID-000GNK008,4,2012-09-01,2014-01-10,1000123,0
GNK008,ERID-000GNK008,4,2014-01-01,2015-01-10,1000137,1
GNK009,95935731,1,2009-07-29,2009-11-30,1000088,0
GNK009,ERID-000GNK009,4,2009-12-01,2010-10-31,1000102,0
GNK009,ERID-000GNK009,4,2010-11-01,2011-12-31,1000105,0
GNK009,ERID-000GNK009,4,2012-01-01,2013-01-10,1000112,0
GNK009,ERID-000GNK009,4,2012-09-01,2014-01-10,1000123,0
GNK009,ERID-000GNK009,4,2014-01-01,2015-01-10,1000137,1
GNK010,95935846,1,2009-07-29,2009-11-30,1000088,0
GNK010,ERID-000GNK010,4,2009-12-01,2010-10-31,1000102,0
GNK010,ERID-000GNK010,4,2010-11-01,2011-12-31,1000105,0
GNK010,ERID-000GNK010,4,2012-01-01,2013-01-10,1000112,0
GNK010,ERID-000GNK010,4,2012-09-01,2014-01-10,1000123,0
GNK010,ERID-000GNK010,4,2014-01-01,2015-01-10,1000137,1
GNK011,95935722,1,2009-07-29,2009-11-30,1000088,0
GNK011,ERID-000GNK011,4,2009-12-01,2010-10-31,1000102,0
GNK011,ERID-000GNK011,4,2010-11-01,2011-12-31,1000105,0
GNK011,ERID-000GNK011,4,2012-01-01,2013-01-10,1000112,0
GNK011,ERID-000GNK011,4,2012-09-01,2014-01-10,1000123,0
GNK011,ERID-000GNK011,4,2014-01-01,2015-01-10,1000137,1
GNK012,95935844,1,2009-07-29,2009-11-30,1000088,0
GNK012,ERID-000GNK012,4,2009-12-01,2010-10-31,1000102,0
GNK012,ERID-000GNK012,4,2010-11-01,2011-12-31,1000105,0
GNK012,ERID-000GNK012,4,2012-01-01,2013-01-10,1000112,0
GNK012,ERID-000GNK012,4,2012-09-01,2014-01-10,1000123,0
GNK012,ERID-000GNK012,4,2014-01-01,2015-01-10,1000137,1
GNK013,95935841,1,2009-07-29,2009-11-30,1000088,0
GNK013,ERID-000GNK013,4,2009-12-01,2010-10-31,1000102,0
GNK013,ERID-000GNK013,4,2010-11-01,2011-12-31,1000105,0
GNK013,ERID-000GNK013,4,2012-01-01,2013-01-10,1000112,0
GNK013,ERID-000GNK013,4,2012-09-01,2014-01-10,1000123,0
GNK013,ERID-000GNK013,4,2014-01-01,2015-01-10,1000137,1
GNK014,95935737,1,2009-07-29,2009-11-30,1000088,0
GNK014,ERID-000GNK014,4,2009-12-01,2010-10-31,1000102,0
GNK014,ERID-000GNK014,4,2010-11-01,2011-12-31,1000105,0
GNK014,ERID-000GNK014,4,2012-01-01,2013-01-10,1000112,0
GNK014,ERID-000GNK014,4,2012-09-01,2014-01-10,1000123,0
GNK014,ERID-000GNK014,4,2014-01-01,2015-01-10,1000137,1
GNK015,95935724,1,2009-07-28,2009-11-30,1000088,0
GNK015,ERID-000GNK015,4,2009-12-01,2010-10-31,1000102,0
GNK015,ERID-000GNK015,4,2010-11-01,2011-12-31,1000105,0
GNK015,ERID-000GNK015,4,2012-01-01,2013-01-10,1000112,0
GNK015,ERID-000GNK015,4,2012-09-01,2014-01-10,1000123,0
GNK015,ERID-000GNK015,4,2014-01-01,2015-01-10,1000137,1
GNK016,95935842,1,2009-07-29,2009-11-30,1000088,0
GNK016,ERID-000GNK016,4,2009-12-01,2010-10-31,1000102,0
GNK016,ERID-000GNK016,4,2010-11-01,2011-12-31,1000105,0
GNK016,ERID-000GNK016,4,2012-01-01,2013-01-10,1000112,0
GNK016,ERID-000GNK016,4,2012-09-01,2014-01-10,1000123,0
GNK016,ERID-000GNK016,4,2014-01-01,2015-01-10,1000137,1
GNK017,95935849,1,2009-07-29,2009-11-30,1000088,0
GNK017,ERID-000GNK017,4,2009-12-01,2010-10-31,1000102,0
GNK017,ERID-000GNK017,4,2010-11-01,2011-12-31,1000105,0
GNK017,ERID-000GNK017,4,2012-01-01,2013-01-10,1000112,0
GNK017,ERID-000GNK017,4,2012-09-01,2014-01-10,1000123,0
GNK017,ERID-000GNK017,4,2014-01-01,2015-01-10,1000137,1
GNK018,95935723,1,2009-07-30,2009-11-30,1000088,0
GNK018,ERID-000GNK018,4,2009-12-01,2010-10-31,1000102,0
GNK018,ERID-000GNK018,4,2010-11-01,2011-12-31,1000105,0
GNK018,ERID-000GNK018,4,2012-01-01,2013-01-10,1000112,0
GNK018,ERID-000GNK018,4,2012-09-01,2014-01-10,1000123,0
GNK018,ERID-000GNK018,4,2014-01-01,2015-01-10,1000137,1
GNK019,95935739,1,2009-07-27,2009-11-14,1000088,0
GNK019,ERID-000GNK019,4,2009-11-15,2010-10-31,1000102,0
GNK019,ERID-000GNK019,4,2010-11-01,2011-12-31,1000105,0
GNK019,ERID-000GNK019,4,2012-01-01,2013-01-10,1000112,0
GNK019,ERID-000GNK019,4,2012-09-01,2014-01-10,1000123,0
GNK019,ERID-000GNK019,4,2014-01-01,2015-01-10,1000137,1
GNK020,95935720,1,2009-07-27,2009-11-30,1000088,0
GNK020,ERID-000GNK020,4,2009-12-01,2010-10-31,1000102,0
GNK020,ERID-000GNK020,4,2010-11-01,2011-12-31,1000105,0
GNK020,ERID-000GNK020,4,2012-01-01,2013-01-10,1000112,0
GNK020,ERID-000GNK020,4,2012-09-01,2014-01-10,1000123,0
GNK020,ERID-000GNK020,4,2014-01-01,2015-01-10,1000137,1
GNK021,95935732,1,2009-07-27,2009-11-30,1000088,0
GNK021,ERID-000GNK021,4,2009-12-01,2010-10-31,1000102,0
GNK021,ERID-000GNK021,4,2010-11-01,2011-12-31,1000105,0
GNK021,ERID-000GNK021,4,2012-01-01,2013-01-10,1000112,0
GNK021,ERID-000GNK021,4,2012-09-01,2014-01-10,1000123,0
GNK021,ERID-000GNK021,4,2014-01-01,2015-01-10,1000137,1
GNK022,95935730,1,2009-07-30,2009-11-30,1000088,0
GNK022,ERID-000GNK022,4,2009-12-01,2010-10-31,1000102,0
GNK022,ERID-000GNK022,4,2010-11-01,2011-12-31,1000105,0
GNK022,ERID-000GNK022,4,2012-01-01,2013-01-10,1000112,0
GNK022,ERID-000GNK022,4,2012-09-01,2014-01-10,1000123,0
GNK022,ERID-000GNK022,4,2014-01-01,2015-01-10,1000137,1
GNK023,95935736,1,2009-07-27,2009-11-30,1000088,0
GNK023,ERID-000GNK023,4,2009-12-01,2010-10-31,1000102,0
GNK023,ERID-000GNK023,4,2010-11-01,2011-12-31,1000105,0
GNK023,ERID-000GNK023,4,2012-01-01,2013-01-10,1000112,0
GNK023,ERID-000GNK023,4,2012-09-01,2014-01-10,1000123,0
GNK023,ERID-000GNK023,4,2014-01-01,2015-01-10,1000137,1
GNK024,95935726,1,2009-07-28,2009-11-30,1000088,0
GNK024,ERID-000GNK024,4,2009-12-01,2010-10-31,1000102,0
GNK024,ERID-000GNK024,4,2010-11-01,2011-12-31,1000105,0
GNK024,ERID-000GNK024,4,2012-01-01,2013-01-10,1000112,0
GNK024,ERID-000GNK024,4,2012-09-01,2014-01-10,1000123,0
GNK024,ERID-000GNK024,4,2014-01-01,2015-01-10,1000137,1
GNK025,95935729,1,2009-07-28,2009-11-30,1000088,0
GNK025,ERID-000GNK025,4,2009-12-01,2010-10-31,1000102,0
GNK025,ERID-000GNK025,4,2010-11-01,2011-12-31,1000105,0
GNK025,ERID-000GNK025,4,2012-01-01,2013-01-10,1000112,0
GNK025,ERID-000GNK025,4,2012-09-01,2014-01-10,1000123,0
GNK025,ERID-000GNK025,4,2014-01-01,2015-01-10,1000137,1
GNK026,95935721,1,2009-07-28,2009-11-30,1000088,0
GNK026,ERID-000GNK026,4,2009-12-01,2010-10-31,1000102,0
GNK026,ERID-000GNK026,4,2010-11-01,2011-12-31,1000105,0
GNK026,ERID-000GNK026,4,2012-01-01,2013-01-10,1000112,0
GNK026,ERID-000GNK026,4,2012-09-01,2014-01-10,1000123,0
GNK026,ERID-000GNK026,4,2014-01-01,2015-01-10,1000137,1
GNK027,95935733,1,2009-07-30,2009-11-30,1000088,0
GNK027,ERID-000GNK027,4,2009-12-01,2010-10-31,1000102,0
GNK027,ERID-000GNK027,4,2010-11-01,2011-12-31,1000105,0
GNK027,ERID-000GNK027,4,2012-01-01,2013-01-10,1000112,0
GNK027,ERID-000GNK027,4,2012-09-01,2014-01-10,1000123,0
GNK027,ERID-000GNK027,4,2014-01-01,2015-01-10,1000137,1
GNK028,95935734,1,2009-07-28,2009-11-30,1000088,0
GNK028,ERID-000GNK028,4,2009-12-01,2010-10-31,1000102,0
GNK028,ERID-000GNK028,4,2010-11-01,2011-12-31,1000105,0
GNK028,ERID-000GNK028,4,2012-01-01,2013-01-10,1000112,0
GNK028,ERID-000GNK028,4,2012-09-01,2014-01-10,1000123,0
GNK028,ERID-000GNK028,4,2014-01-01,2015-01-10,1000137,1
GNK029,95935845,1,2009-07-28,2009-11-30,1000088,0
GNK029,ERID-000GNK029,4,2009-12-01,2010-10-31,1000102,0
GNK029,ERID-000GNK029,4,2010-11-01,2011-12-31,1000105,0
GNK029,ERID-000GNK029,4,2012-01-01,2013-01-10,1000112,0
GNK029,ERID-000GNK029,4,2012-09-01,2014-01-10,1000123,0
GNK029,ERID-000GNK029,4,2014-01-01,2015-01-10,1000137,1
GNK030,95935727,1,2009-07-30,2009-11-30,1000088,0
GNK030,ERID-000GNK030,4,2009-12-01,2010-10-31,1000102,0
GNK030,ERID-000GNK030,4,2010-11-01,2011-12-31,1000105,0
GNK030,ERID-000GNK030,4,2012-01-01,2013-01-10,1000112,0
GNK030,ERID-000GNK030,4,2012-09-01,2014-01-10,1000123,0
GNK030,ERID-000GNK030,4,2014-01-01,2015-01-10,1000137,1
HKY001,ERID-000HKY001,4,2009-12-01,2010-10-31,1000103,0
HKY001,ERID-000HKY001,4,2010-11-01,2011-12-31,1000106,0
HKY001,ERID-000HKY001,4,2012-01-01,2013-01-10,1000113,0
HKY001,ERID-000HKY001,4,2012-09-01,2014-01-10,1000124,0
HKY001,ERID-000HKY001,4,2014-01-01,2015-01-10,1000138,1
HKY002,ERID-000HKY002,4,2009-12-01,2010-10-31,1000103,0
HKY002,ERID-000HKY002,4,2010-11-01,2011-12-31,1000106,0
HKY002,ERID-000HKY002,4,2012-01-01,2013-01-10,1000113,0
HKY002,ERID-000HKY002,4,2012-09-01,2014-01-10,1000124,0
HKY002,ERID-000HKY002,4,2014-01-01,2015-01-10,1000138,1
HKY003,ERID-000HKY003,4,2009-12-01,2010-10-31,1000103,0
HKY003,ERID-000HKY003,4,2010-11-01,2011-12-31,1000106,0
HKY003,ERID-000HKY003,4,2012-01-01,2013-01-10,1000113,0
HKY003,ERID-000HKY003,4,2012-09-01,2014-01-10,1000124,0
HKY003,ERID-000HKY003,4,2014-01-01,2015-01-10,1000138,1
HKY004,ERID-000HKY004,4,2009-12-01,2010-10-31,1000103,0
HKY004,ERID-000HKY004,4,2010-11-01,2011-12-31,1000106,0
HKY004,ERID-000HKY004,4,2012-01-01,2013-01-10,1000113,0
HKY004,ERID-000HKY004,4,2012-09-01,2014-01-10,1000124,0
HKY004,ERID-000HKY004,4,2014-01-01,2015-01-10,1000138,1
HKY005,ERID-000HKY005,4,2009-12-01,2010-10-31,1000103,0
HKY005,ERID-000HKY005,4,2010-11-01,2011-12-31,1000106,0
HKY005,ERID-000HKY005,4,2012-01-01,2013-01-10,1000113,0
HKY005,ERID-000HKY005,4,2012-09-01,2014-01-10,1000124,0
HKY005,ERID-000HKY005,4,2014-01-01,2015-01-10,1000138,1
HKY006,ERID-000HKY006,4,2009-12-01,2010-10-31,1000103,0
HKY006,ERID-000HKY006,4,2010-11-01,2011-12-31,1000106,0
HKY006,ERID-000HKY006,4,2012-01-01,2013-01-10,1000113,0
HKY006,ERID-000HKY006,4,2012-09-01,2014-01-10,1000124,0
HKY006,ERID-000HKY006,4,2014-01-01,2015-01-10,1000138,1
HKY007,ERID-000HKY007,4,2009-12-01,2010-10-31,1000103,0
HKY007,ERID-000HKY007,4,2010-11-01,2011-12-31,1000106,0
HKY007,ERID-000HKY007,4,2012-01-01,2013-01-10,1000113,0
HKY007,ERID-000HKY007,4,2012-09-01,2014-01-10,1000124,0
HKY007,ERID-000HKY007,4,2014-01-01,2015-01-10,1000138,1
HKY008,ERID-000HKY008,4,2009-12-01,2010-10-31,1000103,0
HKY008,ERID-000HKY008,4,2010-11-01,2011-12-31,1000106,0
HKY008,ERID-000HKY008,4,2012-01-01,2013-01-10,1000113,0
HKY008,ERID-000HKY008,4,2012-09-01,2014-01-10,1000124,0
HKY008,ERID-000HKY008,4,2014-01-01,2015-01-10,1000138,1
HKY009,ERID-000HKY009,4,2009-12-01,2010-10-31,1000103,0
HKY009,ERID-000HKY009,4,2010-11-01,2011-12-31,1000106,0
HKY009,ERID-000HKY009,4,2012-01-01,2013-01-10,1000113,0
HKY009,ERID-000HKY009,4,2012-09-01,2014-01-10,1000124,0
HKY009,ERID-000HKY009,4,2014-01-01,2015-01-10,1000138,1
HKY010,ERID-000HKY010,4,2009-12-01,2010-10-31,1000103,0
HKY010,ERID-000HKY010,4,2010-11-01,2011-12-31,1000106,0
HKY010,ERID-000HKY010,4,2012-01-01,2013-01-10,1000113,0
HKY010,ERID-000HKY010,4,2012-09-01,2014-01-10,1000124,0
HKY010,ERID-000HKY010,4,2014-01-01,2015-01-10,1000138,1
HKY011,ERID-000HKY011,4,2009-12-01,2010-10-31,1000103,0
HKY011,ERID-000HKY011,4,2010-11-01,2011-12-31,1000106,0
HKY011,ERID-000HKY011,4,2012-01-01,2013-01-10,1000113,0
HKY011,ERID-000HKY011,4,2012-09-01,2014-01-10,1000124,0
HKY011,ERID-000HKY011,4,2014-01-01,2015-01-10,1000138,1
HKY012,ERID-000HKY012,4,2009-12-01,2010-10-31,1000103,0
HKY012,ERID-000HKY012,4,2010-11-01,2011-12-31,1000106,0
HKY012,ERID-000HKY012,4,2012-01-01,2013-01-10,1000113,0
HKY012,ERID-000HKY012,4,2012-09-01,2014-01-10,1000124,0
HKY012,ERID-000HKY012,4,2014-01-01,2015-01-10,1000138,1
HKY013,ERID-000HKY013,4,2009-12-01,2010-10-31,1000103,0
HKY013,ERID-000HKY013,4,2010-11-01,2011-12-31,1000106,0
HKY013,ERID-000HKY013,4,2012-01-01,2013-01-10,1000113,0
HKY013,ERID-000HKY013,4,2012-09-01,2014-01-10,1000124,0
HKY013,ERID-000HKY013,4,2014-01-01,2015-01-10,1000138,1
HKY014,ERID-000HKY014,4,2009-12-01,2010-10-31,1000103,0
HKY014,ERID-000HKY014,4,2010-11-01,2011-12-31,1000106,0
HKY014,ERID-000HKY014,4,2012-01-01,2013-01-10,1000113,0
HKY014,ERID-000HKY014,4,2012-09-01,2014-01-10,1000124,0
HKY014,ERID-000HKY014,4,2014-01-01,2015-01-10,1000138,1
HKY015,ERID-000HKY015,4,2009-12-01,2010-10-31,1000103,0
HKY015,ERID-000HKY015,4,2010-11-01,2011-12-31,1000106,0
HKY015,ERID-000HKY015,4,2012-01-01,2013-01-10,1000113,0
HKY015,ERID-000HKY015,4,2012-09-01,2014-01-10,1000124,0
HKY015,ERID-000HKY015,4,2014-01-01,2015-01-10,1000138,1
HKY016,ERID-000HKY016,4,2009-12-01,2010-10-31,1000103,0
HKY016,ERID-000HKY016,4,2010-11-01,2011-12-31,1000106,0
HKY016,ERID-000HKY016,4,2012-01-01,2013-01-10,1000113,0
HKY016,ERID-000HKY016,4,2012-09-01,2014-01-10,1000124,0
HKY016,ERID-000HKY016,4,2014-01-01,2015-01-10,1000138,1
HKY017,ERID-000HKY017,4,2009-12-01,2010-10-31,1000103,0
HKY017,ERID-000HKY017,4,2010-11-01,2011-12-31,1000106,0
HKY017,ERID-000HKY017,4,2012-01-01,2013-01-10,1000113,0
HKY017,ERID-000HKY017,4,2012-09-01,2014-01-10,1000124,0
HKY017,ERID-000HKY017,4,2014-01-01,2015-01-10,1000138,1
HKY018,ERID-000HKY018,4,2009-12-01,2010-10-31,1000103,0
HKY018,ERID-000HKY018,4,2010-11-01,2011-12-31,1000106,0
HKY018,ERID-000HKY018,4,2012-01-01,2013-01-10,1000113,0
HKY018,ERID-000HKY018,4,2012-09-01,2014-01-10,1000124,0
HKY018,ERID-000HKY018,4,2014-01-01,2015-01-10,1000138,1
HKY019,ERID-000HKY019,4,2009-12-01,2010-10-31,1000103,0
HKY019,ERID-000HKY019,4,2010-11-01,2011-12-31,1000106,0
HKY019,ERID-000HKY019,4,2012-01-01,2013-01-10,1000113,0
HKY019,ERID-000HKY019,4,2012-09-01,2014-01-10,1000124,0
HKY019,ERID-000HKY019,4,2014-01-01,2015-01-10,1000138,1
HKY020,ERID-000HKY020,4,2009-12-01,2010-10-31,1000103,0
HKY020,ERID-000HKY020,4,2010-11-01,2011-12-31,1000106,0
HKY020,ERID-000HKY020,4,2012-01-01,2013-01-10,1000113,0
HKY020,ERID-000HKY020,4,2012-09-01,2014-01-10,1000124,0
HKY020,ERID-000HKY020,4,2014-01-01,2015-01-10,1000138,1
HKY021,ERID-000HKY021,4,2009-12-01,2010-10-31,1000103,0
HKY021,ERID-000HKY021,4,2010-11-01,2011-12-31,1000106,0
HKY021,ERID-000HKY021,4,2012-01-01,2013-01-10,1000113,0
HKY021,ERID-000HKY021,4,2012-09-01,2014-01-10,1000124,0
HKY021,ERID-000HKY021,4,2014-01-01,2015-01-10,1000138,1
HKY022,ERID-000HKY022,4,2009-12-01,2010-10-31,1000103,0
HKY022,ERID-000HKY022,4,2010-11-01,2011-12-31,1000106,0
HKY022,ERID-000HKY022,4,2012-01-01,2013-01-10,1000113,0
HKY022,ERID-000HKY022,4,2012-09-01,2014-01-10,1000124,0
HKY022,ERID-000HKY022,4,2014-01-01,2015-01-10,1000138,1
HKY023,ERID-000HKY023,4,2009-12-01,2010-10-31,1000103,0
HKY023,ERID-000HKY023,4,2010-11-01,2011-12-31,1000106,0
HKY023,ERID-000HKY023,4,2012-01-01,2013-01-10,1000113,0
HKY023,ERID-000HKY023,4,2012-09-01,2014-01-10,1000124,0
HKY023,ERID-000HKY023,4,2014-01-01,2015-01-10,1000138,1
HKY024,ERID-000HKY024,4,2009-12-01,2010-10-31,1000103,0
HKY024,ERID-000HKY024,4,2010-11-01,2011-12-31,1000106,0
HKY024,ERID-000HKY024,4,2012-01-01,2013-01-10,1000113,0
HKY024,ERID-000HKY024,4,2012-09-01,2014-01-10,1000124,0
HKY024,ERID-000HKY024,4,2014-01-01,2015-01-10,1000138,1
HKY025,ERID-000HKY025,4,2009-12-01,2010-10-31,1000103,0
HKY025,ERID-000HKY025,4,2010-11-01,2011-12-31,1000106,0
HKY025,ERID-000HKY025,4,2012-01-01,2013-01-10,1000113,0
HKY025,ERID-000HKY025,4,2012-09-01,2014-01-10,1000124,0
HKY025,ERID-000HKY025,4,2014-01-01,2015-01-10,1000138,1
HKY026,ERID-000HKY026,4,2009-12-01,2010-10-31,1000103,0
HKY026,ERID-000HKY026,4,2010-11-01,2011-12-31,1000106,0
HKY026,ERID-000HKY026,4,2012-01-01,2013-01-10,1000113,0
HKY026,ERID-000HKY026,4,2012-09-01,2014-01-10,1000124,0
HKY026,ERID-000HKY026,4,2014-01-01,2015-01-10,1000138,1
HKY027,ERID-000HKY027,4,2009-12-01,2010-10-31,1000103,0
HKY027,ERID-000HKY027,4,2010-11-01,2011-12-31,1000106,0
HKY027,ERID-000HKY027,4,2012-01-01,2013-01-10,1000113,0
HKY027,ERID-000HKY027,4,2012-09-01,2014-01-10,1000124,0
HKY027,ERID-000HKY027,4,2014-01-01,2015-01-10,1000138,1
LUK001,ERID-000LUK001,4,2009-12-01,2010-10-31,1000097,0
LUK001,ERID-000LUK001,4,2010-11-01,2011-12-31,1000104,0
LUK001,ERID-000LUK001,4,2012-01-01,2013-01-10,1000111,0
LUK001,ERID-000LUK001,4,2012-09-01,2014-01-10,1000122,0
LUK001,ERID-000LUK001,4,2014-01-01,2015-01-10,1000136,1
LUK002,ERID-000LUK002,4,2009-12-01,2010-10-31,1000097,0
LUK002,ERID-000LUK002,4,2010-11-01,2011-12-31,1000104,0
LUK002,ERID-000LUK002,4,2012-01-01,2013-01-10,1000111,0
LUK002,ERID-000LUK002,4,2012-09-01,2014-01-10,1000122,0
LUK002,ERID-000LUK002,4,2014-01-01,2015-01-10,1000136,1
LUK003,ERID-000LUK003,4,2009-12-01,2010-10-31,1000097,0
LUK003,ERID-000LUK003,4,2010-11-01,2011-12-31,1000104,0
LUK003,ERID-000LUK003,4,2012-01-01,2013-01-10,1000111,0
LUK003,ERID-000LUK003,4,2012-09-01,2014-01-10,1000122,0
LUK003,ERID-000LUK003,4,2014-01-01,2015-01-10,1000136,1
LUK004,ERID-000LUK004,4,2009-12-01,2010-10-31,1000097,0
LUK004,ERID-000LUK004,4,2010-11-01,2011-12-31,1000104,0
LUK004,ERID-000LUK004,4,2012-01-01,2013-01-10,1000111,0
LUK004,ERID-000LUK004,4,2012-09-01,2014-01-10,1000122,0
LUK004,ERID-000LUK004,4,2014-01-01,2015-01-10,1000136,1
LUK005,ERID-000LUK005,4,2009-12-01,2010-10-31,1000097,0
LUK005,ERID-000LUK005,4,2010-11-01,2011-12-31,1000104,0
LUK005,ERID-000LUK005,4,2012-01-01,2013-01-10,1000111,0
LUK005,ERID-000LUK005,4,2012-09-01,2014-01-10,1000122,0
LUK005,ERID-000LUK005,4,2014-01-01,2015-01-10,1000136,1
LUK006,ERID-000LUK006,4,2009-12-01,2010-10-31,1000097,0
LUK006,ERID-000LUK006,4,2010-11-01,2011-12-31,1000104,0
LUK006,ERID-000LUK006,4,2012-01-01,2013-01-10,1000111,0
LUK006,ERID-000LUK006,4,2012-09-01,2014-01-10,1000122,0
LUK006,ERID-000LUK006,4,2014-01-01,2015-01-10,1000136,1
LUK007,ERID-000LUK007,4,2009-12-01,2010-10-31,1000097,0
LUK007,ERID-000LUK007,4,2010-11-01,2011-12-31,1000104,0
LUK007,ERID-000LUK007,4,2012-01-01,2013-01-10,1000111,0
LUK007,ERID-000LUK007,4,2012-09-01,2014-01-10,1000122,0
LUK007,ERID-000LUK007,4,2014-01-01,2015-01-10,1000136,1
LUK008,ERID-000LUK008,4,2009-12-01,2010-10-31,1000097,0
LUK008,ERID-000LUK008,4,2010-11-01,2011-12-31,1000104,0
LUK008,ERID-000LUK008,4,2012-01-01,2013-01-10,1000111,0
LUK008,ERID-000LUK008,4,2012-09-01,2014-01-10,1000122,0
LUK008,ERID-000LUK008,4,2014-01-01,2015-01-10,1000136,1
LUK009,ERID-000LUK009,4,2009-12-01,2010-10-31,1000097,0
LUK009,ERID-000LUK009,4,2010-11-01,2011-12-31,1000104,0
LUK009,ERID-000LUK009,4,2012-01-01,2013-01-10,1000111,0
LUK009,ERID-000LUK009,4,2012-09-01,2014-01-10,1000122,0
LUK009,ERID-000LUK009,4,2014-01-01,2015-01-10,1000136,1
LUK010,ERID-000LUK010,4,2009-12-01,2010-10-31,1000097,0
LUK010,ERID-000LUK010,4,2010-11-01,2011-12-31,1000104,0
LUK010,ERID-000LUK010,4,2012-01-01,2013-01-10,1000111,0
LUK010,ERID-000LUK010,4,2012-09-01,2014-01-10,1000122,0
LUK010,ERID-000LUK010,4,2014-01-01,2015-01-10,1000136,1
LUK011,ERID-000LUK011,4,2009-12-01,2010-10-31,1000097,0
LUK011,ERID-000LUK011,4,2010-11-01,2011-12-31,1000104,0
LUK011,ERID-000LUK011,4,2012-01-01,2013-01-10,1000111,0
LUK011,ERID-000LUK011,4,2012-09-01,2014-01-10,1000122,0
LUK011,ERID-000LUK011,4,2014-01-01,2015-01-10,1000136,1
LUK012,ERID-000LUK012,4,2009-12-01,2010-10-31,1000097,0
LUK012,ERID-000LUK012,4,2010-11-01,2011-12-31,1000104,0
LUK012,ERID-000LUK012,4,2012-01-01,2013-01-10,1000111,0
LUK012,ERID-000LUK012,4,2012-09-01,2014-01-10,1000122,0
LUK012,ERID-000LUK012,4,2014-01-01,2015-01-10,1000136,1
LUK013,ERID-000LUK013,4,2009-12-01,2010-10-31,1000097,0
LUK013,ERID-000LUK013,4,2010-11-01,2011-12-31,1000104,0
LUK013,ERID-000LUK013,4,2012-01-01,2013-01-10,1000111,0
LUK013,ERID-000LUK013,4,2012-09-01,2014-01-10,1000122,0
LUK013,ERID-000LUK013,4,2014-01-01,2015-01-10,1000136,1
LUK014,ERID-000LUK014,4,2009-12-01,2010-10-31,1000097,0
LUK014,ERID-000LUK014,4,2010-11-01,2011-12-31,1000104,0
LUK014,ERID-000LUK014,4,2012-01-01,2013-01-10,1000111,0
LUK014,ERID-000LUK014,4,2012-09-01,2014-01-10,1000122,0
LUK014,ERID-000LUK014,4,2014-01-01,2015-01-10,1000136,1
LUK015,ERID-000LUK015,4,2009-12-01,2010-10-31,1000097,0
LUK015,ERID-000LUK015,4,2010-11-01,2011-12-31,1000104,0
LUK015,ERID-000LUK015,4,2012-01-01,2013-01-10,1000111,0
LUK015,ERID-000LUK015,4,2012-09-01,2014-01-10,1000122,0
LUK015,ERID-000LUK015,4,2014-01-01,2015-01-10,1000136,1
LUK016,ERID-000LUK016,4,2009-12-01,2010-10-31,1000097,0
LUK016,ERID-000LUK016,4,2010-11-01,2011-12-31,1000104,0
LUK016,ERID-000LUK016,4,2012-01-01,2013-01-10,1000111,0
LUK016,ERID-000LUK016,4,2012-09-01,2014-01-10,1000122,0
LUK016,ERID-000LUK016,4,2014-01-01,2015-01-10,1000136,1
LUK017,ERID-000LUK017,4,2009-12-01,2010-10-31,1000097,0
LUK017,ERID-000LUK017,4,2010-11-01,2011-12-31,1000104,0
LUK017,ERID-000LUK017,4,2012-01-01,2013-01-10,1000111,0
LUK017,ERID-000LUK017,4,2012-09-01,2014-01-10,1000122,0
LUK017,ERID-000LUK017,4,2014-01-01,2015-01-10,1000136,1
LUK018,ERID-000LUK018,4,2009-12-01,2010-10-31,1000097,0
LUK018,ERID-000LUK018,4,2010-11-01,2011-12-31,1000104,0
LUK018,ERID-000LUK018,4,2012-01-01,2013-01-10,1000111,0
LUK018,ERID-000LUK018,4,2012-09-01,2014-01-10,1000122,0
LUK018,ERID-000LUK018,4,2014-01-01,2015-01-10,1000136,1
LUK019,ERID-000LUK019,4,2009-12-01,2010-10-31,1000097,0
LUK019,ERID-000LUK019,4,2010-11-01,2011-12-31,1000104,0
LUK019,ERID-000LUK019,4,2012-01-01,2013-01-10,1000111,0
LUK019,ERID-000LUK019,4,2012-09-01,2014-01-10,1000122,0
LUK019,ERID-000LUK019,4,2014-01-01,2015-01-10,1000136,1
LUK020,ERID-000LUK020,4,2009-12-01,2010-10-31,1000097,0
LUK020,ERID-000LUK020,4,2010-11-01,2011-12-31,1000104,0
LUK020,ERID-000LUK020,4,2012-01-01,2013-01-10,1000111,0
LUK020,ERID-000LUK020,4,2012-09-01,2014-01-10,1000122,0
LUK020,ERID-000LUK020,4,2014-01-01,2015-01-10,1000136,1
LUK021,ERID-000LUK021,4,2009-12-01,2010-10-31,1000097,0
LUK021,ERID-000LUK021,4,2010-11-01,2011-12-31,1000104,0
LUK021,ERID-000LUK021,4,2012-01-01,2013-01-10,1000111,0
LUK021,ERID-000LUK021,4,2012-09-01,2014-01-10,1000122,0
LUK021,ERID-000LUK021,4,2014-01-01,2015-01-10,1000136,1
LUK022,ERID-000LUK022,4,2009-12-01,2010-10-31,1000097,0
LUK022,ERID-000LUK022,4,2010-11-01,2011-12-31,1000104,0
LUK022,ERID-000LUK022,4,2012-01-01,2013-01-10,1000111,0
LUK022,ERID-000LUK022,4,2012-09-01,2014-01-10,1000122,0
LUK022,ERID-000LUK022,4,2014-01-01,2015-01-10,1000136,1
LUK023,ERID-000LUK023,4,2009-12-01,2010-10-31,1000097,0
LUK023,ERID-000LUK023,4,2010-11-01,2011-12-31,1000104,0
LUK023,ERID-000LUK023,4,2012-01-01,2013-01-10,1000111,0
LUK023,ERID-000LUK023,4,2012-09-01,2014-01-10,1000122,0
LUK023,ERID-000LUK023,4,2014-01-01,2015-01-10,1000136,1
LUK024,ERID-000LUK024,4,2009-12-01,2010-10-31,1000097,0
LUK024,ERID-000LUK024,4,2010-11-01,2011-12-31,1000104,0
LUK024,ERID-000LUK024,4,2012-01-01,2013-01-10,1000111,0
LUK024,ERID-000LUK024,4,2012-09-01,2014-01-10,1000122,0
LUK024,ERID-000LUK024,4,2014-01-01,2015-01-10,1000136,1
LUK025,ERID-000LUK025,4,2009-12-01,2010-10-31,1000097,0
LUK025,ERID-000LUK025,4,2010-11-01,2011-12-31,1000104,0
LUK025,ERID-000LUK025,4,2012-01-01,2013-01-10,1000111,0
LUK025,ERID-000LUK025,4,2012-09-01,2014-01-10,1000122,0
LUK025,ERID-000LUK025,4,2014-01-01,2015-01-10,1000136,1
LUK026,ERID-000LUK026,4,2009-12-01,2010-10-31,1000097,0
LUK026,ERID-000LUK026,4,2010-11-01,2011-12-31,1000104,0
LUK026,ERID-000LUK026,4,2012-01-01,2013-01-10,1000111,0
LUK026,ERID-000LUK026,4,2012-09-01,2014-01-10,1000122,0
LUK026,ERID-000LUK026,4,2014-01-01,2015-01-10,1000136,1
LUK027,ERID-000LUK027,4,2009-12-01,2010-10-31,1000097,0
LUK027,ERID-000LUK027,4,2010-11-01,2011-12-31,1000104,0
LUK027,ERID-000LUK027,4,2012-01-01,2013-01-10,1000111,0
LUK027,ERID-000LUK027,4,2012-09-01,2014-01-10,1000122,0
LUK027,ERID-000LUK027,4,2014-01-01,2015-01-10,1000136,1
LUK028,ERID-000LUK028,4,2009-12-01,2010-10-31,1000097,0
LUK028,ERID-000LUK028,4,2010-11-01,2011-12-31,1000104,0
LUK028,ERID-000LUK028,4,2012-01-01,2013-01-10,1000111,0
LUK028,ERID-000LUK028,4,2012-09-01,2014-01-10,1000122,0
LUK028,ERID-000LUK028,4,2014-01-01,2015-01-10,1000136,1
LUK029,ERID-000LUK029,4,2009-12-01,2010-10-31,1000097,0
LUK029,ERID-000LUK029,4,2010-11-01,2011-12-31,1000104,0
LUK029,ERID-000LUK029,4,2012-01-01,2013-01-10,1000111,0
LUK029,ERID-000LUK029,4,2012-09-01,2014-01-10,1000122,0
LUK029,ERID-000LUK029,4,2014-01-01,2015-01-10,1000136,1
LUK030,ERID-000LUK030,4,2009-12-01,2010-10-31,1000097,0
LUK030,ERID-000LUK030,4,2010-11-01,2011-12-31,1000104,0
LUK030,ERID-000LUK030,4,2012-01-01,2013-01-10,1000111,0
LUK030,ERID-000LUK030,4,2012-09-01,2014-01-10,1000122,0
LUK030,ERID-000LUK030,4,2014-01-01,2015-01-10,1000136,1
MSU001,ERID-000MSU001,4,2012-01-01,2013-01-10,1000117,0
MSU001,ERID-000MSU001,4,2012-09-01,2014-01-10,1000128,0
MSU001,ERID-000MSU001,4,2014-01-01,2015-01-10,1000142,1
MSU002,ERID-000MSU002,4,2012-01-01,2013-01-10,1000117,0
MSU002,ERID-000MSU002,4,2012-09-01,2014-01-10,1000128,0
MSU002,ERID-000MSU002,4,2014-01-01,2015-01-10,1000142,1
MSU003,ERID-000MSU003,4,2012-01-01,2013-01-10,1000117,0
MSU003,ERID-000MSU003,4,2012-09-01,2014-01-10,1000128,0
MSU003,ERID-000MSU003,4,2014-01-01,2015-01-10,1000142,1
MSU004,ERID-000MSU004,4,2012-01-01,2013-01-10,1000117,0
MSU004,ERID-000MSU004,4,2012-09-01,2014-01-10,1000128,0
MSU004,ERID-000MSU004,4,2014-01-01,2015-01-10,1000142,1
MSU005,ERID-000MSU005,4,2012-01-01,2013-01-10,1000117,0
MSU005,ERID-000MSU005,4,2012-09-01,2014-01-10,1000128,0
MSU005,ERID-000MSU005,4,2014-01-01,2015-01-10,1000142,1
MSU006,ERID-000MSU006,4,2012-01-01,2013-01-10,1000117,0
MSU006,ERID-000MSU006,4,2012-09-01,2014-01-10,1000128,0
MSU006,ERID-000MSU006,4,2014-01-01,2015-01-10,1000142,1
MSU007,ERID-000MSU007,4,2012-01-01,2013-01-10,1000117,0
MSU007,ERID-000MSU007,4,2012-09-01,2014-01-10,1000128,0
MSU007,ERID-000MSU007,4,2014-01-01,2015-01-10,1000142,1
MSU008,ERID-000MSU008,4,2012-01-01,2013-01-10,1000117,0
MSU008,ERID-000MSU008,4,2012-09-01,2014-01-10,1000128,0
MSU008,ERID-000MSU008,4,2014-01-01,2015-01-10,1000142,1
MSU009,ERID-000MSU009,4,2012-01-01,2013-01-10,1000117,0
MSU009,ERID-000MSU009,4,2012-09-01,2014-01-10,1000128,0
MSU009,ERID-000MSU009,4,2014-01-01,2015-01-10,1000142,1
MSU010,ERID-000MSU010,4,2012-01-01,2013-01-10,1000117,0
MSU010,ERID-000MSU010,4,2012-09-01,2014-01-10,1000128,0
MSU010,ERID-000MSU010,4,2014-01-01,2015-01-10,1000142,1
MSU011,ERID-000MSU011,4,2012-01-01,2013-01-10,1000117,0
MSU011,ERID-000MSU011,4,2012-09-01,2014-01-10,1000128,0
MSU011,ERID-000MSU011,4,2014-01-01,2015-01-10,1000142,1
MSU012,ERID-000MSU012,4,2012-01-01,2013-01-10,1000117,0
MSU012,ERID-000MSU012,4,2012-09-01,2014-01-10,1000128,0
MSU012,ERID-000MSU012,4,2014-01-01,2015-01-10,1000142,1
MSU013,ERID-000MSU013,4,2012-01-01,2013-01-10,1000117,0
MSU013,ERID-000MSU013,4,2012-09-01,2014-01-10,1000128,0
MSU013,ERID-000MSU013,4,2014-01-01,2015-01-10,1000142,1
MSU014,ERID-000MSU014,4,2012-01-01,2013-01-10,1000117,0
MSU014,ERID-000MSU014,4,2012-09-01,2014-01-10,1000128,0
MSU014,ERID-000MSU014,4,2014-01-01,2015-01-10,1000142,1
MSU015,ERID-000MSU015,4,2012-01-01,2013-01-10,1000117,0
MSU015,ERID-000MSU015,4,2012-09-01,2014-01-10,1000128,0
MSU015,ERID-000MSU015,4,2014-01-01,2015-01-10,1000142,1
MSU016,ERID-000MSU016,4,2012-01-01,2013-01-10,1000117,0
MSU016,ERID-000MSU016,4,2012-09-01,2014-01-10,1000128,0
MSU016,ERID-000MSU016,4,2014-01-01,2015-01-10,1000142,1
MSU017,ERID-000MSU017,4,2012-01-01,2013-01-10,1000117,0
MSU017,ERID-000MSU017,4,2012-09-01,2014-01-10,1000128,0
MSU017,ERID-000MSU017,4,2014-01-01,2015-01-10,1000142,1
MSU018,ERID-000MSU018,4,2012-01-01,2013-01-10,1000117,0
MSU018,ERID-000MSU018,4,2012-09-01,2014-01-10,1000128,0
MSU018,ERID-000MSU018,4,2014-01-01,2015-01-10,1000142,1
MSU019,ERID-000MSU019,4,2012-01-01,2013-01-10,1000117,0
MSU019,ERID-000MSU019,4,2012-09-01,2014-01-10,1000128,0
MSU019,ERID-000MSU019,4,2014-01-01,2015-01-10,1000142,1
MSU020,ERID-000MSU020,4,2012-01-01,2013-01-10,1000117,0
MSU020,ERID-000MSU020,4,2012-09-01,2014-01-10,1000128,0
MSU020,ERID-000MSU020,4,2014-01-01,2015-01-10,1000142,1
MSU021,ERID-000MSU021,4,2012-01-01,2013-01-10,1000117,0
MSU021,ERID-000MSU021,4,2012-09-01,2014-01-10,1000128,0
MSU021,ERID-000MSU021,4,2014-01-01,2015-01-10,1000142,1
MSU022,ERID-000MSU022,4,2012-01-01,2013-01-10,1000117,0
MSU022,ERID-000MSU022,4,2012-09-01,2014-01-10,1000128,0
MSU022,ERID-000MSU022,4,2014-01-01,2015-01-10,1000142,1
MSU023,ERID-000MSU023,4,2012-01-01,2013-01-10,1000117,0
MSU023,ERID-000MSU023,4,2012-09-01,2014-01-10,1000128,0
MSU023,ERID-000MSU023,4,2014-01-01,2015-01-10,1000142,1
MSU024,ERID-000MSU024,4,2012-01-01,2013-01-10,1000117,0
MSU024,ERID-000MSU024,4,2012-09-01,2014-01-10,1000128,0
MSU024,ERID-000MSU024,4,2014-01-01,2015-01-10,1000142,1
MSU025,ERID-000MSU025,4,2012-01-01,2013-01-10,1000117,0
MSU025,ERID-000MSU025,4,2012-09-01,2014-01-10,1000128,0
MSU025,ERID-000MSU025,4,2014-01-01,2015-01-10,1000142,1
MSU026,ERID-000MSU026,4,2012-01-01,2013-01-10,1000117,0
MSU026,ERID-000MSU026,4,2012-09-01,2014-01-10,1000128,0
MSU026,ERID-000MSU026,4,2014-01-01,2015-01-10,1000142,1
MSU027,ERID-000MSU027,4,2012-01-01,2013-01-10,1000117,0
MSU027,ERID-000MSU027,4,2012-09-01,2014-01-10,1000128,0
MSU027,ERID-000MSU027,4,2014-01-01,2015-01-10,1000142,1
MSU028,ERID-000MSU028,4,2012-01-01,2013-01-10,1000117,0
MSU028,ERID-000MSU028,4,2012-09-01,2014-01-10,1000128,0
MSU028,ERID-000MSU028,4,2014-01-01,2015-01-10,1000142,1
MSU029,ERID-000MSU029,4,2012-01-01,2013-01-10,1000117,0
MSU029,ERID-000MSU029,4,2012-09-01,2014-01-10,1000128,0
MSU029,ERID-000MSU029,4,2014-01-01,2015-01-10,1000142,1
MSU030,ERID-000MSU030,4,2012-01-01,2013-01-10,1000117,0
MSU030,ERID-000MSU030,4,2012-09-01,2014-01-10,1000128,0
MSU030,ERID-000MSU030,4,2014-01-01,2015-01-10,1000142,1
MTS001,95935552,1,2008-02-08,2009-11-30,1000092,0
MTS001,95935552,1,2009-12-02,2009-12-30,1000092,0
MTS001,ERID-000MTS001,4,2009-12-01,2010-10-31,1000095,0
MTS001,ERID-000MTS001,4,2010-11-01,2011-12-31,1000107,0
MTS001,ERID-000MTS001,4,2012-01-01,2013-01-10,1000114,0
MTS001,ERID-000MTS001,4,2012-09-01,2014-01-10,1000125,0
MTS001,ERID-000MTS001,4,2014-01-01,2015-01-10,1000139,1
MTS002,95935544,1,2009-12-03,2009-12-30,1000092,0
MTS002,ERID-000MTS002,4,2009-12-01,2010-10-31,1000095,0
MTS002,ERID-000MTS002,4,2010-11-01,2011-12-31,1000107,0
MTS002,ERID-000MTS002,4,2012-01-01,2013-01-10,1000114,0
MTS002,ERID-000MTS002,4,2012-09-01,2014-01-10,1000125,0
MTS002,ERID-000MTS002,4,2014-01-01,2015-01-10,1000139,1
MTS003,95935561,1,2009-12-01,2009-12-30,1000092,0
MTS003,ERID-000MTS003,4,2009-12-01,2010-10-31,1000095,0
MTS003,ERID-000MTS003,4,2010-11-01,2011-12-31,1000107,0
MTS003,ERID-000MTS003,4,2012-01-01,2013-01-10,1000114,0
MTS003,ERID-000MTS003,4,2012-09-01,2014-01-10,1000125,0
MTS003,ERID-000MTS003,4,2014-01-01,2015-01-10,1000139,1
MTS004,ERID-000MTS004,4,2010-01-09,2010-10-31,1000095,0
MTS004,ERID-000MTS004,4,2010-11-01,2011-12-31,1000107,0
MTS004,ERID-000MTS004,4,2012-01-01,2013-01-10,1000114,0
MTS004,ERID-000MTS004,4,2012-09-01,2014-01-10,1000125,0
MTS004,ERID-000MTS004,4,2014-01-01,2015-01-10,1000139,1
MTS005,95935555,1,2009-12-04,2009-12-30,1000092,0
MTS005,ERID-000MTS005,4,2009-12-01,2010-10-31,1000095,0
MTS005,ERID-000MTS005,4,2010-11-01,2011-12-31,1000107,0
MTS005,ERID-000MTS005,4,2012-01-01,2013-01-10,1000114,0
MTS005,ERID-000MTS005,4,2012-09-01,2014-01-10,1000125,0
MTS005,ERID-000MTS005,4,2014-01-01,2015-01-10,1000139,1
MTS006,95679365,1,2009-12-01,2009-12-30,1000092,0
MTS006,ERID-000MTS006,4,2009-12-01,2010-10-31,1000095,0
MTS006,ERID-000MTS006,4,2010-11-01,2011-12-31,1000107,0
MTS006,ERID-000MTS006,4,2012-01-01,2013-01-10,1000114,0
MTS006,ERID-000MTS006,4,2012-09-01,2014-01-10,1000125,0
MTS006,ERID-000MTS006,4,2014-01-01,2015-01-10,1000139,1
MTS007,95935556,1,2009-12-01,2009-12-30,1000092,0
MTS007,ERID-000MTS007,4,2009-12-01,2010-10-31,1000095,0
MTS007,ERID-000MTS007,4,2010-11-01,2011-12-31,1000107,0
MTS007,ERID-000MTS007,4,2012-01-01,2013-01-10,1000114,0
MTS007,ERID-000MTS007,4,2012-09-01,2014-01-10,1000125,0
MTS007,ERID-000MTS007,4,2014-01-01,2015-01-10,1000139,1
MTS008,95935541,1,2009-12-03,2009-12-30,1000092,0
MTS008,ERID-000MTS008,4,2009-12-01,2010-10-31,1000095,0
MTS008,ERID-000MTS008,4,2010-11-01,2011-12-31,1000107,0
MTS008,ERID-000MTS008,4,2012-01-01,2013-01-10,1000114,0
MTS008,ERID-000MTS008,4,2012-09-01,2014-01-10,1000125,0
MTS008,ERID-000MTS008,4,2014-01-01,2015-01-10,1000139,1
MTS009,95935562,1,2009-12-04,2009-12-30,1000092,0
MTS009,ERID-000MTS009,4,2009-12-01,2010-10-31,1000095,0
MTS009,ERID-000MTS009,4,2010-11-01,2011-12-31,1000107,0
MTS009,ERID-000MTS009,4,2012-01-01,2013-01-10,1000114,0
MTS009,ERID-000MTS009,4,2012-09-01,2014-01-10,1000125,0
MTS009,ERID-000MTS009,4,2014-01-01,2015-01-10,1000139,1
MTS010,95679362,1,2009-12-02,2009-12-30,1000092,0
MTS010,ERID-000MTS010,4,2009-12-01,2010-10-31,1000095,0
MTS010,ERID-000MTS010,4,2010-11-01,2011-12-31,1000107,0
MTS010,ERID-000MTS010,4,2012-01-01,2013-01-10,1000114,0
MTS010,ERID-000MTS010,4,2012-09-01,2014-01-10,1000125,0
MTS010,ERID-000MTS010,4,2014-01-01,2015-01-10,1000139,1
MTS011,95935565,1,2009-12-02,2009-12-30,1000092,0
MTS011,ERID-000MTS011,4,2009-12-01,2010-10-31,1000095,0
MTS011,ERID-000MTS011,4,2010-11-01,2011-12-31,1000107,0
MTS011,ERID-000MTS011,4,2012-01-01,2013-01-10,1000114,0
MTS011,ERID-000MTS011,4,2012-09-01,2014-01-10,1000125,0
MTS011,ERID-000MTS011,4,2014-01-01,2015-01-10,1000139,1
MTS012,95935543,1,2009-12-02,2009-12-30,1000092,0
MTS012,ERID-000MTS012,4,2009-12-01,2010-10-31,1000095,0
MTS012,ERID-000MTS012,4,2010-11-01,2011-12-31,1000107,0
MTS012,ERID-000MTS012,4,2012-01-01,2013-01-10,1000114,0
MTS012,ERID-000MTS012,4,2012-09-01,2014-01-10,1000125,0
MTS012,ERID-000MTS012,4,2014-01-01,2015-01-10,1000139,1
MTS013,95935563,1,2009-12-03,2009-12-30,1000092,0
MTS013,ERID-000MTS013,4,2009-12-01,2010-10-31,1000095,0
MTS013,ERID-000MTS013,4,2010-11-01,2011-12-31,1000107,0
MTS013,ERID-000MTS013,4,2012-01-01,2013-01-10,1000114,0
MTS013,ERID-000MTS013,4,2012-09-01,2014-01-10,1000125,0
MTS013,ERID-000MTS013,4,2014-01-01,2015-01-10,1000139,1
MTS014,95679357,1,2009-12-02,2009-12-30,1000092,0
MTS014,ERID-000MTS014,4,2009-12-01,2010-10-31,1000095,0
MTS014,ERID-000MTS014,4,2010-11-01,2011-12-31,1000107,0
MTS014,ERID-000MTS014,4,2012-01-01,2013-01-10,1000114,0
MTS014,ERID-000MTS014,4,2012-09-01,2014-01-10,1000125,0
MTS014,ERID-000MTS014,4,2014-01-01,2015-01-10,1000139,1
MTS015,95679358,1,2009-12-02,2009-12-30,1000092,0
MTS015,ERID-000MTS015,4,2009-12-01,2010-10-31,1000095,0
MTS015,ERID-000MTS015,4,2010-11-01,2011-12-31,1000107,0
MTS015,ERID-000MTS015,4,2012-01-01,2013-01-10,1000114,0
MTS015,ERID-000MTS015,4,2012-09-01,2014-01-10,1000125,0
MTS015,ERID-000MTS015,4,2014-01-01,2015-01-10,1000139,1
MTS016,95935568,1,2009-12-02,2009-12-30,1000092,0
MTS016,ERID-000MTS016,4,2009-12-01,2010-10-31,1000095,0
MTS016,ERID-000MTS016,4,2010-11-01,2011-12-31,1000107,0
MTS016,ERID-000MTS016,4,2012-01-01,2013-01-10,1000114,0
MTS016,ERID-000MTS016,4,2012-09-01,2014-01-10,1000125,0
MTS016,ERID-000MTS016,4,2014-01-01,2015-01-10,1000139,1
MTS017,95935557,1,2009-12-02,2009-12-30,1000092,0
MTS017,ERID-000MTS017,4,2009-12-01,2010-10-31,1000095,0
MTS017,ERID-000MTS017,4,2010-11-01,2011-12-31,1000107,0
MTS017,ERID-000MTS017,4,2012-01-01,2013-01-10,1000114,0
MTS017,ERID-000MTS017,4,2012-09-01,2014-01-10,1000125,0
MTS017,ERID-000MTS017,4,2014-01-01,2015-01-10,1000139,1
MTS018,ERID-000MTS018,4,2010-01-11,2010-10-31,1000095,0
MTS018,ERID-000MTS018,4,2010-11-01,2011-12-31,1000107,0
MTS018,ERID-000MTS018,4,2012-01-01,2013-01-10,1000114,0
MTS018,ERID-000MTS018,4,2012-09-01,2014-01-10,1000125,0
MTS018,ERID-000MTS018,4,2014-01-01,2015-01-10,1000139,1
MTS019,95679361,1,2009-12-01,2009-12-30,1000092,0
MTS019,ERID-000MTS019,4,2009-12-01,2010-10-31,1000095,0
MTS019,ERID-000MTS019,4,2010-11-01,2011-12-31,1000107,0
MTS019,ERID-000MTS019,4,2012-01-01,2013-01-10,1000114,0
MTS019,ERID-000MTS019,4,2012-09-01,2014-01-10,1000125,0
MTS019,ERID-000MTS019,4,2014-01-01,2015-01-10,1000139,1
MTS020,95935560,1,2009-12-03,2009-12-30,1000092,0
MTS020,ERID-000MTS020,4,2009-12-01,2010-10-31,1000095,0
MTS020,ERID-000MTS020,4,2010-11-01,2011-12-31,1000107,0
MTS020,ERID-000MTS020,4,2012-01-01,2013-01-10,1000114,0
MTS020,ERID-000MTS020,4,2012-09-01,2014-01-10,1000125,0
MTS020,ERID-000MTS020,4,2014-01-01,2015-01-10,1000139,1
MTS021,95679356,1,2009-12-03,2009-12-30,1000092,0
MTS021,ERID-000MTS021,4,2009-12-01,2010-10-31,1000095,0
MTS021,ERID-000MTS021,4,2010-11-01,2011-12-31,1000107,0
MTS021,ERID-000MTS021,4,2012-01-01,2013-01-10,1000114,0
MTS021,ERID-000MTS021,4,2012-09-01,2014-01-10,1000125,0
MTS021,ERID-000MTS021,4,2014-01-01,2015-01-10,1000139,1
MTS022,95935564,1,2009-12-01,2009-12-30,1000092,0
MTS022,ERID-000MTS022,4,2009-12-01,2010-10-31,1000095,0
MTS022,ERID-000MTS022,4,2010-11-01,2011-12-31,1000107,0
MTS022,ERID-000MTS022,4,2012-01-01,2013-01-10,1000114,0
MTS022,ERID-000MTS022,4,2012-09-01,2014-01-10,1000125,0
MTS022,ERID-000MTS022,4,2014-01-01,2015-01-10,1000139,1
MTS023,95935542,1,2009-12-04,2009-12-30,1000092,0
MTS023,ERID-000MTS023,4,2009-12-01,2010-10-31,1000095,0
MTS023,ERID-000MTS023,4,2010-11-01,2011-12-31,1000107,0
MTS023,ERID-000MTS023,4,2012-01-01,2013-01-10,1000114,0
MTS023,ERID-000MTS023,4,2012-09-01,2014-01-10,1000125,0
MTS023,ERID-000MTS023,4,2014-01-01,2015-01-10,1000139,1
MTS024,95935572,1,2009-12-03,2009-12-30,1000092,0
MTS024,ERID-000MTS024,4,2009-12-01,2010-10-31,1000095,0
MTS024,ERID-000MTS024,4,2010-11-01,2011-12-31,1000107,0
MTS024,ERID-000MTS024,4,2012-01-01,2013-01-10,1000114,0
MTS024,ERID-000MTS024,4,2012-09-01,2014-01-10,1000125,0
MTS024,ERID-000MTS024,4,2014-01-01,2015-01-10,1000139,1
MTS025,95935569,1,2009-12-04,2009-12-30,1000092,0
MTS025,ERID-000MTS025,4,2009-12-01,2010-10-31,1000095,0
MTS025,ERID-000MTS025,4,2010-11-01,2011-12-31,1000107,0
MTS025,ERID-000MTS025,4,2012-01-01,2013-01-10,1000114,0
MTS025,ERID-000MTS025,4,2012-09-01,2014-01-10,1000125,0
MTS025,ERID-000MTS025,4,2014-01-01,2015-01-10,1000139,1
MTS026,95679363,1,2009-12-01,2009-12-30,1000092,0
MTS026,ERID-000MTS026,4,2009-12-01,2010-10-31,1000095,0
MTS026,ERID-000MTS026,4,2010-11-01,2011-12-31,1000107,0
MTS026,ERID-000MTS026,4,2012-01-01,2013-01-10,1000114,0
MTS026,ERID-000MTS026,4,2012-09-01,2014-01-10,1000125,0
MTS026,ERID-000MTS026,4,2014-01-01,2015-01-10,1000139,1
MTS027,95935574,1,2009-12-01,2009-12-30,1000092,0
MTS027,ERID-000MTS027,4,2009-12-01,2010-10-31,1000095,0
MTS027,ERID-000MTS027,4,2010-11-01,2011-12-31,1000107,0
MTS027,ERID-000MTS027,4,2012-01-01,2013-01-10,1000114,0
MTS027,ERID-000MTS027,4,2012-09-01,2014-01-10,1000125,0
MTS027,ERID-000MTS027,4,2014-01-01,2015-01-10,1000139,1
MTS028,95935540,1,2009-12-03,2009-12-30,1000092,0
MTS028,ERID-000MTS028,4,2009-12-01,2010-10-31,1000095,0
MTS028,ERID-000MTS028,4,2010-11-01,2011-12-31,1000107,0
MTS028,ERID-000MTS028,4,2012-01-01,2013-01-10,1000114,0
MTS028,ERID-000MTS028,4,2012-09-01,2014-01-10,1000125,0
MTS028,ERID-000MTS028,4,2014-01-01,2015-01-10,1000139,1
MTS029,95935571,1,2009-12-03,2009-12-30,1000092,0
MTS029,ERID-000MTS029,4,2009-12-01,2010-10-31,1000095,0
MTS029,ERID-000MTS029,4,2010-11-01,2011-12-31,1000107,0
MTS029,ERID-000MTS029,4,2012-01-01,2013-01-10,1000114,0
MTS029,ERID-000MTS029,4,2012-09-01,2014-01-10,1000125,0
MTS029,ERID-000MTS029,4,2014-01-01,2015-01-10,1000139,1
MTS030,95935551,1,2009-12-03,2009-12-30,1000092,0
MTS030,ERID-000MTS030,4,2009-12-01,2010-10-31,1000095,0
MTS030,ERID-000MTS030,4,2010-11-01,2011-12-31,1000107,0
MTS030,ERID-000MTS030,4,2012-01-01,2013-01-10,1000114,0
MTS030,ERID-000MTS030,4,2012-09-01,2014-01-10,1000125,0
MTS030,ERID-000MTS030,4,2014-01-01,2015-01-10,1000139,1
MTS031,ERID-000MTS031,4,2012-01-01,2013-01-10,1000114,0
MTS031,ERID-000MTS031,4,2012-09-01,2014-01-10,1000125,0
MTS031,ERID-000MTS031,4,2014-01-01,2015-01-10,1000139,1
MTS033,ERID-000MTS033,4,2012-01-01,2013-01-10,1000114,0
MTS033,ERID-000MTS033,4,2012-09-01,2014-01-10,1000125,0
MTS033,ERID-000MTS033,4,2014-01-01,2015-01-10,1000139,1
MTS034,ERID-000MTS034,4,2012-01-01,2013-01-10,1000114,0
MTS034,ERID-000MTS034,4,2012-09-01,2014-01-10,1000125,0
MTS034,ERID-000MTS034,4,2014-01-01,2015-01-10,1000139,1
PEL001,ERID-000PEL001,4,2013-02-01,2014-01-01,1000133,0
PEL001,ERID-000PEL001,4,2014-01-01,2015-01-10,1000147,1
PEL002,ERID-000PEL002,4,2013-02-01,2014-01-01,1000133,0
PEL002,ERID-000PEL002,4,2014-01-01,2015-01-10,1000147,1
PEL003,ERID-000PEL003,4,2013-02-01,2014-01-01,1000133,0
PEL003,ERID-000PEL003,4,2014-01-01,2015-01-10,1000147,1
PEL004,ERID-000PEL004,4,2013-02-01,2014-01-01,1000133,0
PEL004,ERID-000PEL004,4,2014-01-01,2015-01-10,1000147,1
PEL005,ERID-000PEL005,4,2013-02-01,2014-01-01,1000133,0
PEL005,ERID-000PEL005,4,2014-01-01,2015-01-10,1000147,1
PEL006,ERID-000PEL006,4,2013-02-01,2014-01-01,1000133,0
PEL006,ERID-000PEL006,4,2014-01-01,2015-01-10,1000147,1
PEL007,ERID-000PEL007,4,2013-02-01,2014-01-01,1000133,0
PEL007,ERID-000PEL007,4,2014-01-01,2015-01-10,1000147,1
PEL008,ERID-000PEL008,4,2013-02-01,2014-01-01,1000133,0
PEL008,ERID-000PEL008,4,2014-01-01,2015-01-10,1000147,1
PEL009,ERID-000PEL009,4,2013-02-01,2014-01-01,1000133,0
PEL009,ERID-000PEL009,4,2014-01-01,2015-01-10,1000147,1
PEL010,ERID-000PEL010,4,2013-02-01,2014-01-01,1000133,0
PEL010,ERID-000PEL010,4,2014-01-01,2015-01-10,1000147,1
PEL011,ERID-000PEL011,4,2013-02-01,2014-01-01,1000133,0
PEL011,ERID-000PEL011,4,2014-01-01,2015-01-10,1000147,1
PEL012,ERID-000PEL012,4,2013-02-01,2014-01-01,1000133,0
PEL012,ERID-000PEL012,4,2014-01-01,2015-01-10,1000147,1
PEL013,ERID-000PEL013,4,2013-02-01,2014-01-01,1000133,0
PEL013,ERID-000PEL013,4,2014-01-01,2015-01-10,1000147,1
PEL014,ERID-000PEL014,4,2013-02-01,2014-01-01,1000133,0
PEL014,ERID-000PEL014,4,2014-01-01,2015-01-10,1000147,1
PEL015,ERID-000PEL015,4,2013-02-01,2014-01-01,1000133,0
PEL015,ERID-000PEL015,4,2014-01-01,2015-01-10,1000147,1
PEL016,ERID-000PEL016,4,2013-02-01,2014-01-01,1000133,0
PEL016,ERID-000PEL016,4,2014-01-01,2015-01-10,1000147,1
PEL017,ERID-000PEL017,4,2013-02-01,2014-01-01,1000133,0
PEL017,ERID-000PEL017,4,2014-01-01,2015-01-10,1000147,1
PEL018,ERID-000PEL018,4,2013-02-01,2014-01-01,1000133,0
PEL018,ERID-000PEL018,4,2014-01-01,2015-01-10,1000147,1
PEL019,ERID-000PEL019,4,2013-02-01,2014-01-01,1000133,0
PEL019,ERID-000PEL019,4,2014-01-01,2015-01-10,1000147,1
PEL020,ERID-000PEL020,4,2013-02-01,2014-01-01,1000133,0
PEL020,ERID-000PEL020,4,2014-01-01,2015-01-10,1000147,1
PEL021,ERID-000PEL021,4,2013-02-01,2014-01-01,1000133,0
PEL021,ERID-000PEL021,4,2014-01-01,2015-01-10,1000147,1
PEL022,ERID-000PEL022,4,2013-02-01,2014-01-01,1000133,0
PEL022,ERID-000PEL022,4,2014-01-01,2015-01-10,1000147,1
PEL023,ERID-000PEL023,4,2013-02-01,2014-01-01,1000133,0
PEL023,ERID-000PEL023,4,2014-01-01,2015-01-10,1000147,1
PEL024,ERID-000PEL024,4,2013-02-01,2014-01-01,1000133,0
PEL024,ERID-000PEL024,4,2014-01-01,2015-01-10,1000147,1
PEL025,ERID-000PEL025,4,2013-02-01,2014-01-01,1000133,0
PEL025,ERID-000PEL025,4,2014-01-01,2015-01-10,1000147,1
PEL026,ERID-000PEL026,4,2013-02-01,2014-01-01,1000133,0
PEL026,ERID-000PEL026,4,2014-01-01,2015-01-10,1000147,1
PEL027,ERID-000PEL027,4,2013-02-01,2014-01-01,1000133,0
PEL027,ERID-000PEL027,4,2014-01-01,2015-01-10,1000147,1
PEL028,ERID-000PEL028,4,2013-02-01,2014-01-01,1000133,0
PEL028,ERID-000PEL028,4,2014-01-01,2015-01-10,1000147,1
PEL029,ERID-000PEL029,4,2013-02-01,2014-01-01,1000133,0
PEL029,ERID-000PEL029,4,2014-01-01,2015-01-10,1000147,1
PEL030,ERID-000PEL030,4,2013-02-01,2014-01-01,1000133,0
PEL030,ERID-000PEL030,4,2014-01-01,2015-01-10,1000147,1
PMG001,ERID-000PMG001,4,2013-02-01,2014-01-01,1000134,0
PMG001,ERID-000PMG001,4,2014-01-01,2015-01-10,1000148,1
PMG002,ERID-000PMG002,4,2013-02-01,2014-01-01,1000134,0
PMG002,ERID-000PMG002,4,2014-01-01,2015-01-10,1000148,1
PMG003,ERID-000PMG003,4,2013-02-01,2014-01-01,1000134,0
PMG003,ERID-000PMG003,4,2014-01-01,2015-01-10,1000148,1
PMG004,ERID-000PMG004,4,2013-02-01,2014-01-01,1000134,0
PMG004,ERID-000PMG004,4,2014-01-01,2015-01-10,1000148,1
PMG005,ERID-000PMG005,4,2013-02-01,2014-01-01,1000134,0
PMG005,ERID-000PMG005,4,2014-01-01,2015-01-10,1000148,1
PMG006,ERID-000PMG006,4,2013-02-01,2014-01-01,1000134,0
PMG006,ERID-000PMG006,4,2014-01-01,2015-01-10,1000148,1
PMG007,ERID-000PMG007,4,2013-02-01,2014-01-01,1000134,0
PMG007,ERID-000PMG007,4,2014-01-01,2015-01-10,1000148,1
PMG008,ERID-000PMG008,4,2013-02-01,2014-01-01,1000134,0
PMG008,ERID-000PMG008,4,2014-01-01,2015-01-10,1000148,1
PMG009,ERID-000PMG009,4,2013-02-01,2014-01-01,1000134,0
PMG009,ERID-000PMG009,4,2014-01-01,2015-01-10,1000148,1
PMG010,ERID-000PMG010,4,2013-02-01,2014-01-01,1000134,0
PMG010,ERID-000PMG010,4,2014-01-01,2015-01-10,1000148,1
PMG011,ERID-000PMG011,4,2013-02-01,2014-01-01,1000134,0
PMG011,ERID-000PMG011,4,2014-01-01,2015-01-10,1000148,1
PMG012,ERID-000PMG012,4,2013-02-01,2014-01-01,1000134,0
PMG012,ERID-000PMG012,4,2014-01-01,2015-01-10,1000148,1
PMG013,ERID-000PMG013,4,2013-02-01,2014-01-01,1000134,0
PMG013,ERID-000PMG013,4,2014-01-01,2015-01-10,1000148,1
PMG014,ERID-000PMG014,4,2013-02-01,2014-01-01,1000134,0
PMG014,ERID-000PMG014,4,2014-01-01,2015-01-10,1000148,1
PMG015,ERID-000PMG015,4,2013-02-01,2014-01-01,1000134,0
PMG015,ERID-000PMG015,4,2014-01-01,2015-01-10,1000148,1
PMG016,ERID-000PMG016,4,2013-02-01,2014-01-01,1000134,0
PMG016,ERID-000PMG016,4,2014-01-01,2015-01-10,1000148,1
PMG017,ERID-000PMG017,4,2013-02-01,2014-01-01,1000134,0
PMG017,ERID-000PMG017,4,2014-01-01,2015-01-10,1000148,1
PMG018,ERID-000PMG018,4,2013-02-01,2014-01-01,1000134,0
PMG018,ERID-000PMG018,4,2014-01-01,2015-01-10,1000148,1
PMG019,ERID-000PMG019,4,2013-02-01,2014-01-01,1000134,0
PMG019,ERID-000PMG019,4,2014-01-01,2015-01-10,1000148,1
PMG020,ERID-000PMG020,4,2013-02-01,2014-01-01,1000134,0
PMG020,ERID-000PMG020,4,2014-01-01,2015-01-10,1000148,1
PMG021,ERID-000PMG021,4,2013-02-01,2014-01-01,1000134,0
PMG021,ERID-000PMG021,4,2014-01-01,2015-01-10,1000148,1
PMG022,ERID-000PMG022,4,2013-02-01,2014-01-01,1000134,0
PMG022,ERID-000PMG022,4,2014-01-01,2015-01-10,1000148,1
PMG023,ERID-000PMG023,4,2013-02-01,2014-01-01,1000134,0
PMG023,ERID-000PMG023,4,2014-01-01,2015-01-10,1000148,1
PMG024,ERID-000PMG024,4,2013-02-01,2014-01-01,1000134,0
PMG024,ERID-000PMG024,4,2014-01-01,2015-01-10,1000148,1
PMG025,ERID-000PMG025,4,2013-02-01,2014-01-01,1000134,0
PMG025,ERID-000PMG025,4,2014-01-01,2015-01-10,1000148,1
PMG026,ERID-000PMG026,4,2013-02-01,2014-01-01,1000134,0
PMG026,ERID-000PMG026,4,2014-01-01,2015-01-10,1000148,1
PMG027,ERID-000PMG027,4,2013-02-01,2014-01-01,1000134,0
PMG027,ERID-000PMG027,4,2014-01-01,2015-01-10,1000148,1
PMG028,ERID-000PMG028,4,2013-02-01,2014-01-01,1000134,0
PMG028,ERID-000PMG028,4,2014-01-01,2015-01-10,1000148,1
PMG029,ERID-000PMG029,4,2013-02-01,2014-01-01,1000134,0
PMG029,ERID-000PMG029,4,2014-01-01,2015-01-10,1000148,1
PMG030,ERID-000PMG030,4,2013-02-01,2014-01-01,1000134,0
PMG030,ERID-000PMG030,4,2014-01-01,2015-01-10,1000148,1
SSA001,ERID-000SSA001,4,2012-01-01,2013-01-10,1000118,0
SSA001,ERID-000SSA001,4,2012-09-01,2014-01-10,1000129,0
SSA001,ERID-000SSA001,4,2014-01-01,2015-01-10,1000143,1
SSA002,ERID-000SSA002,4,2012-01-01,2013-01-10,1000118,0
SSA002,ERID-000SSA002,4,2012-09-01,2014-01-10,1000129,0
SSA002,ERID-000SSA002,4,2014-01-01,2015-01-10,1000143,1
SSA003,ERID-000SSA003,4,2012-01-01,2013-01-10,1000118,0
SSA003,ERID-000SSA003,4,2012-09-01,2014-01-10,1000129,0
SSA003,ERID-000SSA003,4,2014-01-01,2015-01-10,1000143,1
SSA004,ERID-000SSA004,4,2012-01-01,2013-01-10,1000118,0
SSA004,ERID-000SSA004,4,2012-09-01,2014-01-10,1000129,0
SSA004,ERID-000SSA004,4,2014-01-01,2015-01-10,1000143,1
SSA005,ERID-000SSA005,4,2012-01-01,2013-01-10,1000118,0
SSA005,ERID-000SSA005,4,2012-09-01,2014-01-10,1000129,0
SSA005,ERID-000SSA005,4,2014-01-01,2015-01-10,1000143,1
SSA006,ERID-000SSA006,4,2012-01-01,2013-01-10,1000118,0
SSA006,ERID-000SSA006,4,2012-09-01,2014-01-10,1000129,0
SSA006,ERID-000SSA006,4,2014-01-01,2015-01-10,1000143,1
SSA007,ERID-000SSA007,4,2012-01-01,2013-01-10,1000118,0
SSA007,ERID-000SSA007,4,2012-09-01,2014-01-10,1000129,0
SSA007,ERID-000SSA007,4,2014-01-01,2015-01-10,1000143,1
SSA008,ERID-000SSA008,4,2012-01-01,2013-01-10,1000118,0
SSA008,ERID-000SSA008,4,2012-09-01,2014-01-10,1000129,0
SSA008,ERID-000SSA008,4,2014-01-01,2015-01-10,1000143,1
SSA009,ERID-000SSA009,4,2012-01-01,2013-01-10,1000118,0
SSA009,ERID-000SSA009,4,2012-09-01,2014-01-10,1000129,0
SSA009,ERID-000SSA009,4,2014-01-01,2015-01-10,1000143,1
SSA010,ERID-000SSA010,4,2012-01-01,2013-01-10,1000118,0
SSA010,ERID-000SSA010,4,2012-09-01,2014-01-10,1000129,0
SSA010,ERID-000SSA010,4,2014-01-01,2015-01-10,1000143,1
SSA011,ERID-000SSA011,4,2012-01-01,2013-01-10,1000118,0
SSA011,ERID-000SSA011,4,2012-09-01,2014-01-10,1000129,0
SSA011,ERID-000SSA011,4,2014-01-01,2015-01-10,1000143,1
SSA012,ERID-000SSA012,4,2012-01-01,2013-01-10,1000118,0
SSA012,ERID-000SSA012,4,2012-09-01,2014-01-10,1000129,0
SSA012,ERID-000SSA012,4,2014-01-01,2015-01-10,1000143,1
SSA013,ERID-000SSA013,4,2012-01-01,2013-01-10,1000118,0
SSA013,ERID-000SSA013,4,2012-09-01,2014-01-10,1000129,0
SSA013,ERID-000SSA013,4,2014-01-01,2015-01-10,1000143,1
SSA014,ERID-000SSA014,4,2012-01-01,2013-01-10,1000118,0
SSA014,ERID-000SSA014,4,2012-09-01,2014-01-10,1000129,0
SSA014,ERID-000SSA014,4,2014-01-01,2015-01-10,1000143,1
SSA015,ERID-000SSA015,4,2012-01-01,2013-01-10,1000118,0
SSA015,ERID-000SSA015,4,2012-09-01,2014-01-10,1000129,0
SSA015,ERID-000SSA015,4,2014-01-01,2015-01-10,1000143,1
SSA016,ERID-000SSA016,4,2012-01-01,2013-01-10,1000118,0
SSA016,ERID-000SSA016,4,2012-09-01,2014-01-10,1000129,0
SSA016,ERID-000SSA016,4,2014-01-01,2015-01-10,1000143,1
SSA017,ERID-000SSA017,4,2012-01-01,2013-01-10,1000118,0
SSA017,ERID-000SSA017,4,2012-09-01,2014-01-10,1000129,0
SSA017,ERID-000SSA017,4,2014-01-01,2015-01-10,1000143,1
SSA018,ERID-000SSA018,4,2012-01-01,2013-01-10,1000118,0
SSA018,ERID-000SSA018,4,2012-09-01,2014-01-10,1000129,0
SSA018,ERID-000SSA018,4,2014-01-01,2015-01-10,1000143,1
SSA019,ERID-000SSA019,4,2012-01-01,2013-01-10,1000118,0
SSA019,ERID-000SSA019,4,2012-09-01,2014-01-10,1000129,0
SSA019,ERID-000SSA019,4,2014-01-01,2015-01-10,1000143,1
SSA020,ERID-000SSA020,4,2012-01-01,2013-01-10,1000118,0
SSA020,ERID-000SSA020,4,2012-09-01,2014-01-10,1000129,0
SSA020,ERID-000SSA020,4,2014-01-01,2015-01-10,1000143,1
SSA021,ERID-000SSA021,4,2012-01-01,2013-01-10,1000118,0
SSA021,ERID-000SSA021,4,2012-09-01,2014-01-10,1000129,0
SSA021,ERID-000SSA021,4,2014-01-01,2015-01-10,1000143,1
SSA022,ERID-000SSA022,4,2012-01-01,2013-01-10,1000118,0
SSA022,ERID-000SSA022,4,2012-09-01,2014-01-10,1000129,0
SSA022,ERID-000SSA022,4,2014-01-01,2015-01-10,1000143,1
SSA023,ERID-000SSA023,4,2012-01-01,2013-01-10,1000118,0
SSA023,ERID-000SSA023,4,2012-09-01,2014-01-10,1000129,0
SSA023,ERID-000SSA023,4,2014-01-01,2015-01-10,1000143,1
SSA024,ERID-000SSA024,4,2012-01-01,2013-01-10,1000118,0
SSA024,ERID-000SSA024,4,2012-09-01,2014-01-10,1000129,0
SSA024,ERID-000SSA024,4,2014-01-01,2015-01-10,1000143,1
SSA025,ERID-000SSA025,4,2012-01-01,2013-01-10,1000118,0
SSA025,ERID-000SSA025,4,2012-09-01,2014-01-10,1000129,0
SSA025,ERID-000SSA025,4,2014-01-01,2015-01-10,1000143,1
SSA026,ERID-000SSA026,4,2012-01-01,2013-01-10,1000118,0
SSA026,ERID-000SSA026,4,2012-09-01,2014-01-10,1000129,0
SSA026,ERID-000SSA026,4,2014-01-01,2015-01-10,1000143,1
SSA027,ERID-000SSA027,4,2012-01-01,2013-01-10,1000118,0
SSA027,ERID-000SSA027,4,2012-09-01,2014-01-10,1000129,0
SSA027,ERID-000SSA027,4,2014-01-01,2015-01-10,1000143,1
SSA028,ERID-000SSA028,4,2012-01-01,2013-01-10,1000118,0
SSA028,ERID-000SSA028,4,2012-09-01,2014-01-10,1000129,0
SSA028,ERID-000SSA028,4,2014-01-01,2015-01-10,1000143,1
SSA029,ERID-000SSA029,4,2012-01-01,2013-01-10,1000118,0
SSA029,ERID-000SSA029,4,2012-09-01,2014-01-10,1000129,0
SSA029,ERID-000SSA029,4,2014-01-01,2015-01-10,1000143,1
SSA030,ERID-000SSA030,4,2012-01-01,2013-01-10,1000118,0
SSA030,ERID-000SSA030,4,2012-09-01,2014-01-10,1000129,0
SSA030,ERID-000SSA030,4,2014-01-01,2015-01-10,1000143,1
VLK051,ERID-000VLK051,4,2009-12-01,2010-10-31,1000098,0
VLK051,ERID-000VLK051,4,2010-11-01,2011-12-31,1000108,0
VLK051,ERID-000VLK051,4,2012-01-01,2013-01-10,1000115,0
VLK051,ERID-000VLK051,4,2012-09-01,2014-01-10,1000126,0
VLK051,ERID-000VLK051,4,2014-01-01,2015-01-10,1000140,1
VLK052,ERID-000VLK052,4,2009-12-01,2010-10-31,1000098,0
VLK052,ERID-000VLK052,4,2010-11-01,2011-12-31,1000108,0
VLK052,ERID-000VLK052,4,2012-01-01,2013-01-10,1000115,0
VLK052,ERID-000VLK052,4,2012-09-01,2014-01-10,1000126,0
VLK052,ERID-000VLK052,4,2014-01-01,2015-01-10,1000140,1
VLK053,ERID-000VLK053,4,2009-12-01,2010-10-31,1000098,0
VLK053,ERID-000VLK053,4,2010-11-01,2011-12-31,1000108,0
VLK053,ERID-000VLK053,4,2012-01-01,2013-01-10,1000115,0
VLK053,ERID-000VLK053,4,2012-09-01,2014-01-10,1000126,0
VLK053,ERID-000VLK053,4,2014-01-01,2015-01-10,1000140,1
VLK054,ERID-000VLK054,4,2009-12-01,2010-10-31,1000098,0
VLK054,ERID-000VLK054,4,2010-11-01,2011-12-31,1000108,0
VLK054,ERID-000VLK054,4,2012-01-01,2013-01-10,1000115,0
VLK054,ERID-000VLK054,4,2012-09-01,2014-01-10,1000126,0
VLK054,ERID-000VLK054,4,2014-01-01,2015-01-10,1000140,1
VLK055,ERID-000VLK055,4,2009-12-01,2010-10-31,1000098,0
VLK055,ERID-000VLK055,4,2010-11-01,2011-12-31,1000108,0
VLK055,ERID-000VLK055,4,2012-01-01,2013-01-10,1000115,0
VLK055,ERID-000VLK055,4,2012-09-01,2014-01-10,1000126,0
VLK055,ERID-000VLK055,4,2014-01-01,2015-01-10,1000140,1
VLK056,ERID-000VLK056,4,2009-12-01,2010-10-31,1000098,0
VLK056,ERID-000VLK056,4,2010-11-01,2011-12-31,1000108,0
VLK056,ERID-000VLK056,4,2012-01-01,2013-01-10,1000115,0
VLK056,ERID-000VLK056,4,2012-09-01,2014-01-10,1000126,0
VLK056,ERID-000VLK056,4,2014-01-01,2015-01-10,1000140,1
VLK057,ERID-000VLK057,4,2009-12-01,2010-10-31,1000098,0
VLK057,ERID-000VLK057,4,2010-11-01,2011-12-31,1000108,0
VLK057,ERID-000VLK057,4,2012-01-01,2013-01-10,1000115,0
VLK057,ERID-000VLK057,4,2012-09-01,2014-01-10,1000126,0
VLK057,ERID-000VLK057,4,2014-01-01,2015-01-10,1000140,1
VLK058,ERID-000VLK058,4,2009-12-01,2010-10-31,1000098,0
VLK058,ERID-000VLK058,4,2010-11-01,2011-12-31,1000108,0
VLK058,ERID-000VLK058,4,2012-01-01,2013-01-10,1000115,0
VLK058,ERID-000VLK058,4,2012-09-01,2014-01-10,1000126,0
VLK058,ERID-000VLK058,4,2014-01-01,2015-01-10,1000140,1
VLK059,ERID-000VLK059,4,2009-12-01,2010-10-31,1000098,0
VLK059,ERID-000VLK059,4,2010-11-01,2011-12-31,1000108,0
VLK059,ERID-000VLK059,4,2012-01-01,2013-01-10,1000115,0
VLK059,ERID-000VLK059,4,2012-09-01,2014-01-10,1000126,0
VLK059,ERID-000VLK059,4,2014-01-01,2015-01-10,1000140,1
VLK060,ERID-000VLK060,4,2009-12-01,2010-10-31,1000098,0
VLK060,ERID-000VLK060,4,2010-11-01,2011-12-31,1000108,0
VLK060,ERID-000VLK060,4,2012-01-01,2013-01-10,1000115,0
VLK060,ERID-000VLK060,4,2012-09-01,2014-01-10,1000126,0
VLK060,ERID-000VLK060,4,2014-01-01,2015-01-10,1000140,1
VLK061,ERID-000VLK061,4,2009-12-01,2010-10-31,1000098,0
VLK061,ERID-000VLK061,4,2010-11-01,2011-12-31,1000108,0
VLK061,ERID-000VLK061,4,2012-01-01,2013-01-10,1000115,0
VLK061,ERID-000VLK061,4,2012-09-01,2014-01-10,1000126,0
VLK061,ERID-000VLK061,4,2014-01-01,2015-01-10,1000140,1
VLK062,ERID-000VLK062,4,2009-12-01,2010-10-31,1000098,0
VLK062,ERID-000VLK062,4,2010-11-01,2011-12-31,1000108,0
VLK062,ERID-000VLK062,4,2012-01-01,2013-01-10,1000115,0
VLK062,ERID-000VLK062,4,2012-09-01,2014-01-10,1000126,0
VLK062,ERID-000VLK062,4,2014-01-01,2015-01-10,1000140,1
VLK063,ERID-000VLK063,4,2009-12-01,2010-10-31,1000098,0
VLK063,ERID-000VLK063,4,2010-11-01,2011-12-31,1000108,0
VLK063,ERID-000VLK063,4,2012-01-01,2013-01-10,1000115,0
VLK063,ERID-000VLK063,4,2012-09-01,2014-01-10,1000126,0
VLK063,ERID-000VLK063,4,2014-01-01,2015-01-10,1000140,1
VLK064,ERID-000VLK064,4,2009-12-01,2010-10-31,1000098,0
VLK064,ERID-000VLK064,4,2010-11-01,2011-12-31,1000108,0
VLK064,ERID-000VLK064,4,2012-01-01,2013-01-10,1000115,0
VLK064,ERID-000VLK064,4,2012-09-01,2014-01-10,1000126,0
VLK064,ERID-000VLK064,4,2014-01-01,2015-01-10,1000140,1
VLK065,ERID-000VLK065,4,2009-12-01,2010-10-31,1000098,0
VLK065,ERID-000VLK065,4,2010-11-01,2011-12-31,1000108,0
VLK065,ERID-000VLK065,4,2012-01-01,2013-01-10,1000115,0
VLK065,ERID-000VLK065,4,2012-09-01,2014-01-10,1000126,0
VLK065,ERID-000VLK065,4,2014-01-01,2015-01-10,1000140,1
VLK066,ERID-000VLK066,4,2009-12-01,2010-10-31,1000098,0
VLK066,ERID-000VLK066,4,2010-11-01,2011-12-31,1000108,0
VLK066,ERID-000VLK066,4,2012-01-01,2013-01-10,1000115,0
VLK066,ERID-000VLK066,4,2012-09-01,2014-01-10,1000126,0
VLK066,ERID-000VLK066,4,2014-01-01,2015-01-10,1000140,1
VLK067,ERID-000VLK067,4,2009-12-01,2010-10-31,1000098,0
VLK067,ERID-000VLK067,4,2010-11-01,2011-12-31,1000108,0
VLK067,ERID-000VLK067,4,2012-01-01,2013-01-10,1000115,0
VLK067,ERID-000VLK067,4,2012-09-01,2014-01-10,1000126,0
VLK067,ERID-000VLK067,4,2014-01-01,2015-01-10,1000140,1
VLK068,ERID-000VLK068,4,2009-12-01,2010-10-31,1000098,0
VLK068,ERID-000VLK068,4,2010-11-01,2011-12-31,1000108,0
VLK068,ERID-000VLK068,4,2012-01-01,2013-01-10,1000115,0
VLK068,ERID-000VLK068,4,2012-09-01,2014-01-10,1000126,0
VLK068,ERID-000VLK068,4,2014-01-01,2015-01-10,1000140,1
VLK069,ERID-000VLK069,4,2009-12-01,2010-10-31,1000098,0
VLK069,ERID-000VLK069,4,2010-11-01,2011-12-31,1000108,0
VLK069,ERID-000VLK069,4,2012-01-01,2013-01-10,1000115,0
VLK069,ERID-000VLK069,4,2012-09-01,2014-01-10,1000126,0
VLK069,ERID-000VLK069,4,2014-01-01,2015-01-10,1000140,1
VLK070,ERID-000VLK070,4,2009-12-01,2010-10-31,1000098,0
VLK070,ERID-000VLK070,4,2010-11-01,2011-12-31,1000108,0
VLK070,ERID-000VLK070,4,2012-01-01,2013-01-10,1000115,0
VLK070,ERID-000VLK070,4,2012-09-01,2014-01-10,1000126,0
VLK070,ERID-000VLK070,4,2014-01-01,2015-01-10,1000140,1
VLK071,ERID-000VLK071,4,2009-12-01,2010-10-31,1000098,0
VLK071,ERID-000VLK071,4,2010-11-01,2011-12-31,1000108,0
VLK071,ERID-000VLK071,4,2012-01-01,2013-01-10,1000115,0
VLK071,ERID-000VLK071,4,2012-09-01,2014-01-10,1000126,0
VLK071,ERID-000VLK071,4,2014-01-01,2015-01-10,1000140,1
VLK072,ERID-000VLK072,4,2009-12-01,2010-10-31,1000098,0
VLK072,ERID-000VLK072,4,2010-11-01,2011-12-31,1000108,0
VLK072,ERID-000VLK072,4,2012-01-01,2013-01-10,1000115,0
VLK072,ERID-000VLK072,4,2012-09-01,2014-01-10,1000126,0
VLK072,ERID-000VLK072,4,2014-01-01,2015-01-10,1000140,1
VLK073,ERID-000VLK073,4,2009-12-01,2010-10-31,1000098,0
VLK073,ERID-000VLK073,4,2010-11-01,2011-12-31,1000108,0
VLK073,ERID-000VLK073,4,2012-01-01,2013-01-10,1000115,0
VLK073,ERID-000VLK073,4,2012-09-01,2014-01-10,1000126,0
VLK073,ERID-000VLK073,4,2014-01-01,2015-01-10,1000140,1
VLK074,ERID-000VLK074,4,2009-12-01,2010-10-31,1000098,0
VLK074,ERID-000VLK074,4,2010-11-01,2011-12-31,1000108,0
VLK074,ERID-000VLK074,4,2012-01-01,2013-01-10,1000115,0
VLK074,ERID-000VLK074,4,2012-09-01,2014-01-10,1000126,0
VLK074,ERID-000VLK074,4,2014-01-01,2015-01-10,1000140,1
VLK075,ERID-000VLK075,4,2009-12-01,2010-10-31,1000098,0
VLK075,ERID-000VLK075,4,2010-11-01,2011-12-31,1000108,0
VLK075,ERID-000VLK075,4,2012-01-01,2013-01-10,1000115,0
VLK075,ERID-000VLK075,4,2012-09-01,2014-01-10,1000126,0
VLK075,ERID-000VLK075,4,2014-01-01,2015-01-10,1000140,1
VLK076,ERID-000VLK076,4,2009-12-01,2010-10-31,1000098,0
VLK076,ERID-000VLK076,4,2010-11-01,2011-12-31,1000108,0
VLK076,ERID-000VLK076,4,2012-01-01,2013-01-10,1000115,0
VLK076,ERID-000VLK076,4,2012-09-01,2014-01-10,1000126,0
VLK076,ERID-000VLK076,4,2014-01-01,2015-01-10,1000140,1
VLK077,ERID-000VLK077,4,2009-12-01,2010-10-31,1000098,0
VLK077,ERID-000VLK077,4,2010-11-01,2011-12-31,1000108,0
VLK077,ERID-000VLK077,4,2012-01-01,2013-01-10,1000115,0
VLK077,ERID-000VLK077,4,2012-09-01,2014-01-10,1000126,0
VLK077,ERID-000VLK077,4,2014-01-01,2015-01-10,1000140,1
VLK078,ERID-000VLK078,4,2009-12-01,2010-10-31,1000098,0
VLK078,ERID-000VLK078,4,2010-11-01,2011-12-31,1000108,0
VLK078,ERID-000VLK078,4,2012-01-01,2013-01-10,1000115,0
VLK078,ERID-000VLK078,4,2012-09-01,2014-01-10,1000126,0
VLK078,ERID-000VLK078,4,2014-01-01,2015-01-10,1000140,1
VLK079,ERID-000VLK079,4,2009-12-01,2010-10-31,1000098,0
VLK079,ERID-000VLK079,4,2010-11-01,2011-12-31,1000108,0
VLK079,ERID-000VLK079,4,2012-01-01,2013-01-10,1000115,0
VLK079,ERID-000VLK079,4,2012-09-01,2014-01-10,1000126,0
VLK079,ERID-000VLK079,4,2014-01-01,2015-01-10,1000140,1
VLK080,ERID-000VLK080,4,2009-12-01,2010-10-31,1000098,0
VLK080,ERID-000VLK080,4,2010-11-01,2011-12-31,1000108,0
VLK080,ERID-000VLK080,4,2012-01-01,2013-01-10,1000115,0
VLK080,ERID-000VLK080,4,2012-09-01,2014-01-10,1000126,0
VLK080,ERID-000VLK080,4,2014-01-01,2015-01-10,1000140,1
WVL001,95679364,1,2009-07-15,2009-11-30,1000089,0
WVL001,ERID-000WVL001,4,2009-12-01,2010-10-31,1000099,0
WVL001,ERID-000WVL001,4,2010-11-01,2011-12-31,1000109,0
WVL001,ERID-000WVL001,4,2012-01-01,2013-01-10,1000116,0
WVL001,ERID-000WVL001,4,2012-09-01,2014-01-10,1000127,0
WVL001,ERID-000WVL001,4,2014-01-01,2015-01-10,1000141,1
WVL002,95679348,1,2009-07-15,2009-11-14,1000089,0
WVL002,ERID-000WVL002,4,2009-11-15,2010-10-31,1000099,0
WVL002,ERID-000WVL002,4,2010-11-01,2011-12-31,1000109,0
WVL002,ERID-000WVL002,4,2012-01-01,2013-01-10,1000116,0
WVL002,ERID-000WVL002,4,2012-09-01,2014-01-10,1000127,0
WVL002,ERID-000WVL002,4,2014-01-01,2015-01-10,1000141,1
WVL003,ERID-000WVL003,4,2009-12-01,2010-10-31,1000099,0
WVL003,ERID-000WVL003,4,2010-11-01,2011-12-31,1000109,0
WVL003,ERID-000WVL003,4,2012-01-01,2013-01-10,1000116,0
WVL003,ERID-000WVL003,4,2012-09-01,2014-01-10,1000127,0
WVL003,ERID-000WVL003,4,2014-01-01,2015-01-10,1000141,1
WVL004,95679355,1,2009-07-15,2009-11-11,1000089,0
WVL004,ERID-000WVL004,4,2009-11-12,2010-10-31,1000099,0
WVL004,ERID-000WVL004,4,2010-11-01,2011-12-31,1000109,0
WVL004,ERID-000WVL004,4,2012-01-01,2013-01-10,1000116,0
WVL004,ERID-000WVL004,4,2012-09-01,2014-01-10,1000127,0
WVL004,ERID-000WVL004,4,2014-01-01,2015-01-10,1000141,1
WVL005,95679342,1,2009-07-14,2009-11-30,1000089,0
WVL005,ERID-000WVL005,4,2009-12-01,2010-10-31,1000099,0
WVL005,ERID-000WVL005,4,2010-11-01,2011-12-31,1000109,0
WVL005,ERID-000WVL005,4,2012-01-01,2013-01-10,1000116,0
WVL005,ERID-000WVL005,4,2012-09-01,2014-01-10,1000127,0
WVL005,ERID-000WVL005,4,2014-01-01,2015-01-10,1000141,1
WVL006,95679345,1,2009-07-15,2009-11-30,1000089,0
WVL006,ERID-000WVL006,4,2009-12-01,2010-10-31,1000099,0
WVL006,ERID-000WVL006,4,2010-11-01,2011-12-31,1000109,0
WVL006,ERID-000WVL006,4,2012-01-01,2013-01-10,1000116,0
WVL006,ERID-000WVL006,4,2012-09-01,2014-01-10,1000127,0
WVL006,ERID-000WVL006,4,2014-01-01,2015-01-10,1000141,1
WVL007,95679343,1,2009-07-10,2009-11-30,1000089,0
WVL007,ERID-000WVL007,4,2009-12-01,2010-10-31,1000099,0
WVL007,ERID-000WVL007,4,2010-11-01,2011-12-31,1000109,0
WVL007,ERID-000WVL007,4,2012-01-01,2013-01-10,1000116,0
WVL007,ERID-000WVL007,4,2012-09-01,2014-01-10,1000127,0
WVL007,ERID-000WVL007,4,2014-01-01,2015-01-10,1000141,1
WVL008,95679347,1,2009-07-15,2009-11-30,1000089,0
WVL008,ERID-000WVL008,4,2009-12-01,2010-10-31,1000099,0
WVL008,ERID-000WVL008,4,2010-11-01,2011-12-31,1000109,0
WVL008,ERID-000WVL008,4,2012-01-01,2013-01-10,1000116,0
WVL008,ERID-000WVL008,4,2012-09-01,2014-01-10,1000127,0
WVL008,ERID-000WVL008,4,2014-01-01,2015-01-10,1000141,1
WVL009,95679352,1,2009-07-14,2009-11-30,1000089,0
WVL009,ERID-000WVL009,4,2009-12-01,2010-10-31,1000099,0
WVL009,ERID-000WVL009,4,2010-11-01,2011-12-31,1000109,0
WVL009,ERID-000WVL009,4,2012-01-01,2013-01-10,1000116,0
WVL009,ERID-000WVL009,4,2012-09-01,2014-01-10,1000127,0
WVL009,ERID-000WVL009,4,2014-01-01,2015-01-10,1000141,1
WVL010,95935554,1,2009-07-14,2009-11-30,1000089,0
WVL010,ERID-000WVL010,4,2009-12-01,2010-10-31,1000099,0
WVL010,ERID-000WVL010,4,2010-11-01,2011-12-31,1000109,0
WVL010,ERID-000WVL010,4,2012-01-01,2013-01-10,1000116,0
WVL010,ERID-000WVL010,4,2012-09-01,2014-01-10,1000127,0
WVL010,ERID-000WVL010,4,2014-01-01,2015-01-10,1000141,1
WVL011,95935558,1,2009-07-14,2009-11-30,1000089,0
WVL011,ERID-000WVL011,4,2009-12-01,2010-10-31,1000099,0
WVL011,ERID-000WVL011,4,2010-11-01,2011-12-31,1000109,0
WVL011,ERID-000WVL011,4,2012-01-01,2013-01-10,1000116,0
WVL011,ERID-000WVL011,4,2012-09-01,2014-01-10,1000127,0
WVL011,ERID-000WVL011,4,2014-01-01,2015-01-10,1000141,1
WVL012,95935549,1,2009-07-14,2009-11-30,1000089,0
WVL012,ERID-000WVL012,4,2009-12-01,2010-10-31,1000099,0
WVL012,ERID-000WVL012,4,2010-11-01,2011-12-31,1000109,0
WVL012,ERID-000WVL012,4,2012-01-01,2013-01-10,1000116,0
WVL012,ERID-000WVL012,4,2012-09-01,2014-01-10,1000127,0
WVL012,ERID-000WVL012,4,2014-01-01,2015-01-10,1000141,1
WVL013,95679353,1,2009-07-14,2009-11-30,1000089,0
WVL013,ERID-000WVL013,4,2009-12-01,2010-10-31,1000099,0
WVL013,ERID-000WVL013,4,2010-11-01,2011-12-31,1000109,0
WVL013,ERID-000WVL013,4,2012-01-01,2013-01-10,1000116,0
WVL013,ERID-000WVL013,4,2012-09-01,2014-01-10,1000127,0
WVL013,ERID-000WVL013,4,2014-01-01,2015-01-10,1000141,1
WVL014,95679346,1,2009-07-15,2009-11-30,1000089,0
WVL014,ERID-000WVL014,4,2009-12-01,2010-10-31,1000099,0
WVL014,ERID-000WVL014,4,2010-11-01,2011-12-31,1000109,0
WVL014,ERID-000WVL014,4,2012-01-01,2013-01-10,1000116,0
WVL014,ERID-000WVL014,4,2012-09-01,2014-01-10,1000127,0
WVL014,ERID-000WVL014,4,2014-01-01,2015-01-10,1000141,1
WVL015,95935559,1,2009-07-14,2009-11-30,1000089,0
WVL015,ERID-000WVL015,4,2009-12-01,2010-10-31,1000099,0
WVL015,ERID-000WVL015,4,2010-11-01,2011-12-31,1000109,0
WVL015,ERID-000WVL015,4,2012-01-01,2013-01-10,1000116,0
WVL015,ERID-000WVL015,4,2012-09-01,2014-01-10,1000127,0
WVL015,ERID-000WVL015,4,2014-01-01,2015-01-10,1000141,1
WVL016,95935547,1,2009-07-15,2009-11-30,1000089,0
WVL016,ERID-000WVL016,4,2009-12-01,2010-10-31,1000099,0
WVL016,ERID-000WVL016,4,2010-11-01,2011-12-31,1000109,0
WVL016,ERID-000WVL016,4,2012-01-01,2013-01-10,1000116,0
WVL016,ERID-000WVL016,4,2012-09-01,2014-01-10,1000127,0
WVL016,ERID-000WVL016,4,2014-01-01,2015-01-10,1000141,1
WVL017,95679344,1,2009-07-09,2009-11-30,1000089,0
WVL017,ERID-000WVL017,4,2009-12-01,2010-10-31,1000099,0
WVL017,ERID-000WVL017,4,2010-11-01,2011-12-31,1000109,0
WVL017,ERID-000WVL017,4,2012-01-01,2013-01-10,1000116,0
WVL017,ERID-000WVL017,4,2012-09-01,2014-01-10,1000127,0
WVL017,ERID-000WVL017,4,2014-01-01,2015-01-10,1000141,1
WVL018,95935553,1,2009-07-13,2009-11-30,1000089,0
WVL018,ERID-000WVL018,4,2009-12-01,2010-10-31,1000099,0
WVL018,ERID-000WVL018,4,2010-11-01,2011-12-31,1000109,0
WVL018,ERID-000WVL018,4,2012-01-01,2013-01-10,1000116,0
WVL018,ERID-000WVL018,4,2012-09-01,2014-01-10,1000127,0
WVL018,ERID-000WVL018,4,2014-01-01,2015-01-10,1000141,1
WVL019,95679360,1,2009-07-13,2009-11-30,1000089,0
WVL019,ERID-000WVL019,4,2009-12-01,2010-10-31,1000099,0
WVL019,ERID-000WVL019,4,2010-11-01,2011-12-31,1000109,0
WVL019,ERID-000WVL019,4,2012-01-01,2013-01-10,1000116,0
WVL019,ERID-000WVL019,4,2012-09-01,2014-01-10,1000127,0
WVL019,ERID-000WVL019,4,2014-01-01,2015-01-10,1000141,1
WVL020,95935545,1,2009-07-14,2009-11-30,1000089,0
WVL020,ERID-000WVL020,4,2009-12-01,2010-10-31,1000099,0
WVL020,ERID-000WVL020,4,2010-11-01,2011-12-31,1000109,0
WVL020,ERID-000WVL020,4,2012-01-01,2013-01-10,1000116,0
WVL020,ERID-000WVL020,4,2012-09-01,2014-01-10,1000127,0
WVL020,ERID-000WVL020,4,2014-01-01,2015-01-10,1000141,1
WVL021,95679354,1,2009-07-09,2009-11-30,1000089,0
WVL021,ERID-000WVL021,4,2009-12-01,2010-10-31,1000099,0
WVL021,ERID-000WVL021,4,2010-11-01,2011-12-31,1000109,0
WVL021,ERID-000WVL021,4,2012-01-01,2013-01-10,1000116,0
WVL021,ERID-000WVL021,4,2012-09-01,2014-01-10,1000127,0
WVL021,ERID-000WVL021,4,2014-01-01,2015-01-10,1000141,1
WVL022,ERID-000WVL022,4,2009-12-01,2010-10-31,1000099,0
WVL022,ERID-000WVL022,4,2010-11-01,2011-12-31,1000109,0
WVL022,ERID-000WVL022,4,2012-01-01,2013-01-10,1000116,0
WVL022,ERID-000WVL022,4,2012-09-01,2014-01-10,1000127,0
WVL022,ERID-000WVL022,4,2014-01-01,2015-01-10,1000141,1
WVL023,95935548,1,2009-07-09,2009-11-30,1000089,0
WVL023,ERID-000WVL023,4,2009-12-01,2010-10-31,1000099,0
WVL023,ERID-000WVL023,4,2010-11-01,2011-12-31,1000109,0
WVL023,ERID-000WVL023,4,2012-01-01,2013-01-10,1000116,0
WVL023,ERID-000WVL023,4,2012-09-01,2014-01-10,1000127,0
WVL023,ERID-000WVL023,4,2014-01-01,2015-01-10,1000141,1
WVL024,ERID-000WVL024,4,2009-12-01,2010-10-31,1000099,0
WVL024,ERID-000WVL024,4,2010-11-01,2011-12-31,1000109,0
WVL024,ERID-000WVL024,4,2012-01-01,2013-01-10,1000116,0
WVL024,ERID-000WVL024,4,2012-09-01,2014-01-10,1000127,0
WVL024,ERID-000WVL024,4,2014-01-01,2015-01-10,1000141,1
WVL025,95679351,1,2009-07-13,2009-11-30,1000089,0
WVL025,ERID-000WVL025,4,2009-12-01,2010-10-31,1000099,0
WVL025,ERID-000WVL025,4,2010-11-01,2011-12-31,1000109,0
WVL025,ERID-000WVL025,4,2012-01-01,2013-01-10,1000116,0
WVL025,ERID-000WVL025,4,2012-09-01,2014-01-10,1000127,0
WVL025,ERID-000WVL025,4,2014-01-01,2015-01-10,1000141,1
WVL026,95679341,1,2009-07-13,2009-11-30,1000089,0
WVL026,ERID-000WVL026,4,2009-12-01,2010-10-31,1000099,0
WVL026,ERID-000WVL026,4,2010-11-01,2011-12-31,1000109,0
WVL026,ERID-000WVL026,4,2012-01-01,2013-01-10,1000116,0
WVL026,ERID-000WVL026,4,2012-09-01,2014-01-10,1000127,0
WVL026,ERID-000WVL026,4,2014-01-01,2015-01-10,1000141,1
WVL027,95935546,1,2009-07-10,2009-11-30,1000089,0
WVL027,ERID-000WVL027,4,2009-12-01,2010-10-31,1000099,0
WVL027,ERID-000WVL027,4,2010-11-01,2011-12-31,1000109,0
WVL027,ERID-000WVL027,4,2012-01-01,2013-01-10,1000116,0
WVL027,ERID-000WVL027,4,2012-09-01,2014-01-10,1000127,0
WVL027,ERID-000WVL027,4,2014-01-01,2015-01-10,1000141,1
WVL028,95679350,1,2009-07-10,2009-11-30,1000089,0
WVL028,ERID-000WVL028,4,2009-12-01,2010-10-31,1000099,0
WVL028,ERID-000WVL028,4,2010-11-01,2011-12-31,1000109,0
WVL028,ERID-000WVL028,4,2012-01-01,2013-01-10,1000116,0
WVL028,ERID-000WVL028,4,2012-09-01,2014-01-10,1000127,0
WVL028,ERID-000WVL028,4,2014-01-01,2015-01-10,1000141,1
WVL029,95679349,1,2009-07-10,2009-11-19,1000089,0
WVL029,ERID-000WVL029,4,2009-11-20,2010-10-31,1000099,0
WVL029,ERID-000WVL029,4,2010-11-01,2011-12-31,1000109,0
WVL029,ERID-000WVL029,4,2012-01-01,2013-01-10,1000116,0
WVL029,ERID-000WVL029,4,2012-09-01,2014-01-10,1000127,0
WVL029,ERID-000WVL029,4,2014-01-01,2015-01-10,1000141,1
